model	abbreviation	officialName	equation	GENE ASSOCIATION	lowbnd	uppbnd	obj_coef	COMPARTMENT	SUBSYSTEM
iMsi385	r1	7_mercaptoheptanoylthreonine_synthase	7-mercaptoheptanoic acid[1] + ATP[1] + L-Threonine[1] => 7-mercaptoheptanoylthreonine[1] + ADP[1] + Phosphate[1]	Msm_0848	0	1000	0	NA	NA
iMsi385	r2	4_aminobutyrate_transaminase	4-Aminobutanoate[1] + 2-Oxoglutarate[1] => L-Glutamate[1] + Succinic semialdehyde[1]	Msm_1368	0	1000	0	NA	Arginine and proline metabolism
iMsi385	r3	acetyl_CoA_C_acetyltransferase	2 Acetyl-CoA[1] => Acetoacetyl-CoA[1] + CoA[1]	Msm_1562	0	1000	0	NA	Pyruvate metabolism
iMsi385	r4	Adenosyl_cobinamide_phosphate_guanyltransferase	Adenosyl cobinamide phosphate[1] + GTP[1] => Adenosine-GDP-cobinamide[1] + Diphosphate[1]	Msm_1005	0	1000	0	NA	Metabolic pathways
iMsi385	r5	acetate_CoA_ligase__ADP_forming_	ADP[1] + Phosphate[1] + Propanoyl-CoA[1] <=> ATP[1] + CoA[1] + Propionate (n-C3:0)[1]	Msm_1471	-1000	1000	0	NA	Metabolic pathways
iMsi385	r6	acetylglutamate_kinase	N-Acetyl-L-glutamate[1] + ATP[1] => N-Acetyl-L-glutamyl 5-phosphate[1] + ADP[1]	Msm_0375	0	1000	0	NA	Propanoate metabolism
iMsi385	r7	N_acetylglutamate_synthase	Acetyl-CoA[1] + L-Glutamate[1] => N-Acetyl-L-glutamate[1] + CoA[1]	Msm_0379	0	1000	0	NA	Arginine and proline metabolism
iMsi385	r8	2_aceto_2_hydroxybutanoate_synthase	2-Oxobutanoate[1] + Pyruvate[1] => (S)-2-Aceto-2-hydroxybutanoate[1] + CO2[1]	Msm_1224;Msm_1225	0	1000	0	NA	NA
iMsi385	r9	acetolactate_synthase	2 Pyruvate[1] => (S)-2-Acetolactate[1] + CO2[1]	Msm_1224;Msm_0388;Msm_1225;Msm_1225	0	1000	0	NA	NA
iMsi385	r10	acetylornithine_transaminase	N2-Acetyl-L-ornithine[1] + 2-Oxoglutarate[1] <=> N-Acetyl-L-glutamate 5-semialdehyde[1] + L-Glutamate[1]	Msm_1368;Msm_1233	-1000	1000	0	NA	NA
iMsi385	r11	acid_phosphatase__FMN_	FMN[1] + H2O[1] => Phosphate[1] + Riboflavin[1]	Msm_1218	0	1000	0	NA	NA
iMsi385	r12	acetyl_CoA_synthase__propionate_	ATP[1] + CoA[1] + Propionate (n-C3:0)[1] => AMP[1] + Propanoyl-CoA[1] + Diphosphate[1]	Msm_0330	0	0	0	NA	NA
iMsi385	r13	adenosylcobinamide_phosphate_synthase	adenosyl-cobyric acid[1] + D-1-Aminopropan-2-ol O-phosphate[1] + ATP[1] => Adenosyl cobinamide phosphate[1] + ADP[1] + Phosphate[1]	Msm_1266	0	1000	0	NA	NA
iMsi385	r14	adenosylcobyric_acid_synthase__glutamine_hydrolysing_	Adenosyl cobyrinate diamide[1] + 4 ATP[1] + 4 L-Glutamine[1] + 4 H2O[1] => adenosyl-cobyric acid[1] + 4 ADP[1] + 4 L-Glutamate[1] + 4 Phosphate[1]	Msm_1565	0	1000	0	NA	NA
iMsi385	r15	adenine_deaminase	Adenine[1] + H2O[1] => Hypoxanthine[1] + Ammonium[1]	Msm_0874	0	1000	0	NA	NA
iMsi385	r16	adenylate_cyclase	ATP[1] => cAMP[1] + Diphosphate[1]	Msm_0721	0	0	0	NA	NA
iMsi385	r17	Adenosylcobalamin_5__phosphate_synthase	Adenosine-GDP-cobinamide[1] + N1-(alpha-D-ribosyl)-5-hydroxybenzimidazole[1] => Adenosylcobalamin-HBI[1] + GMP[1]	Msm_0933	0	1000	0	NA	NA
iMsi385	r18	adenine_phosphoribosyltransferase	Adenine[1] + 5-Phospho-alpha-D-ribose 1-diphosphate[1] => AMP[1] + Diphosphate[1]	Msm_1359	0	1000	0	NA	NA
iMsi385	r19	adenylosuccinate_lyase	N6-(1,2-Dicarboxyethyl)-AMP[1] => AMP[1] + Fumarate[1]	Msm_1151	0	1000	0	NA	NA
iMsi385	r20	adenylosuccinate_lyase	(S)-2-[5-Amino-1-(5-phospho-D-ribosyl)imidazole-4-carboxamido]succinate[1] => 5-Amino-1-(5-Phospho-D-ribosyl)imidazole-4-carboxamide[1] + Fumarate[1]	Msm_1151	0	1000	0	NA	NA
iMsi385	r21	adenylosuccinate_synthase	L-Aspartate[1] + GTP[1] + IMP[1] => N6-(1,2-Dicarboxyethyl)-AMP[1] + GDP[1] + Phosphate[1]	Msm_1468	0	1000	0	NA	NA
iMsi385	r22	archaeatidylinositol_N_acetylglucosaminyltransferase	2,3-O-phytanyl-sn-glycero-1-phospho-myo-inositol[1] + UDP-N-acetyl-D-glucosamine[1] => N-Acetyl-D-glucosaminyl archaetidylinositol[1] + UDP[1]	Msm_0836	0	1000	0	NA	NA
iMsi385	r23	agmatinase	Agmatine[1] + H2O[1] => Putrescine[1] + Urea[1]	Msm_0876	0	1000	0	NA	NA
iMsi385	r24	N_acetyl_g_glutamyl_phosphate_reductase	N-Acetyl-L-glutamyl 5-phosphate[1] + NADPH[1] <=> N-Acetyl-L-glutamate 5-semialdehyde[1] + NADP+[1] + Phosphate[1]	Msm_0860	-1000	1000	0	NA	NA
iMsi385	r25	adenosylhomocysteinase	Adenosine[1] + L-Homocysteine[1] <=> S-Adenosyl-L-homocysteine[1] + H2O[1]	Msm_0727	-1000	1000	0	NA	NA
iMsi385	r26	_S__alpha_hydroxyglutarate_dehydrogenase	2-Oxoglutarate[1] + NADH[1] <=> (S)-2-Hydroxyglutarate[1] + NAD+[1]	Msm_0166	-1000	1000	0	NA	NA
iMsi385	r27	4_amino_5_hydroxymethyl_2_methylpyrimidine_synthetase	5-amino-1-(5-phospho-D-ribosyl)imidazole[1] => 4-Amino-5-hydroxymethyl-2-methylpyrimidine[1] + Glycolaldehyde[1] + Phosphate[1]	Msm_0644;Msm_1388	0	1000	0	NA	NA
iMsi385	r28	O_acetylhomoserine__thiol__lyase	O-Acetyl-L-homoserine[1] + Hydrogen sulfide[1] => Acetate[1] + L-Homocysteine[1]	Msm_0265	0	1000	0	NA	NA
iMsi385	r29	phosphoribosylaminoimidazole_carboxylase	5-amino-1-(5-phospho-D-ribosyl)imidazole[1] + ATP[1] + Bicarbonate[1] => 5-phosphoribosyl-5-carboxyaminoimidazole[1] + ADP[1] + Phosphate[1]	Msm_1105;Msm_1287	0	1000	0	NA	NA
iMsi385	r30	phosphoribosylaminoimidazole_carboxylase__mutase_rxn_	5-amino-1-(5-phospho-D-ribosyl)imidazole-4-carboxylate[1] <=> 5-phosphoribosyl-5-carboxyaminoimidazole[1]	Msm_1105;Msm_1287	-1000	1000	0	NA	NA
iMsi385	r31	alpha_ketoadipate_CoA_ligase	Acetyl-CoA[1] + H2O[1] + 2-oxohexanedioic acid[1] => (R)-(homo)2citrate[1] + CoA[1]	Msm_0722;Msm_0350;Msm_1246	0	1000	0	NA	NA
iMsi385	r32	alpha_ketoglutarate_CoA_ligase	Acetyl-CoA[1] + 2-Oxoglutarate[1] => CoA[1] + trans-homoaconitate[1]	Msm_0722;Msm_0350;Msm_1246	0	1000	0	NA	NA
iMsi385	r33	alpha_ketopimelate_CoA_ligase	Acetyl-CoA[1] + H2O[1] + 2-oxoheptanedioic acid[1] => (R)-(homo)3citrate[1] + CoA[1]	Msm_0722;Msm_0350;Msm_1246	0	1000	0	NA	NA
iMsi385	r34	L_alanine_transaminase	2-Oxoglutarate[1] + L-Alanine[1] <=> L-Glutamate[1] + Pyruvate[1]	Msm_0788	-1000	1000	0	NA	Alanine, aspartate and glutamate metabolism
iMsi385	r35	Alanyl_tRNA_synthetase	L-Alanine[1] + ATP[1] + tRNA(Ala)[1] => L-Alanyl-tRNA(Ala)[1] + AMP[1] + Diphosphate[1]	Msm_0619	0	1000	0	NA	NA
iMsi385	r37	alcohol_dehydrogenase__ethanol__NADP_	Acetaldehyde[1] + NADPH[1] <=> Ethanol[1] + NADP+[1]	Msm_1380	-1000	1000	0	NA	NA
iMsi385	r38	aldehyde_dehydrogenase__acetaldehyde__NAD_	Acetaldehyde[1] + H2O[1] + NAD+[1] => Acetate[1] + NADH[1]	Msm_0467	0	1000	0	NA	NA
iMsi385	r39	anthranilate_phosphoribosyltransferase	Anthranilate[1] + 5-Phospho-alpha-D-ribose 1-diphosphate[1] => Diphosphate[1] + N-(5-Phospho-D-ribosyl)anthranilate[1]	Msm_1144	0	1000	0	NA	NA
iMsi385	r40	anthranilate_synthase	chorismate[1] + L-Glutamine[1] => Anthranilate[1] + L-Glutamate[1] + Pyruvate[1]	Msm_1146:Msm_1145	0	1000	0	NA	NA
iMsi385	r41	aminopropanol_phosphorylase	1-Aminopropan-2-ol[1] + ATP[1] => ADP[1] + D-1-Aminopropan-2-ol O-phosphate[1]	Msm_0934	0	1000	0	NA	NA
iMsi385	r42	arginine_decarboxylase	L-Arginine[1] => Agmatine[1] + CO2[1]	Msm_0878	0	1000	0	NA	NA
iMsi385	r43	argininosuccinate_lyase	L-Arginine[1] + Fumarate[1] <=> N(omega)-(L-Arginino)succinate[1]	Msm_0192	-1000	1000	0	NA	Alanine, aspartate and glutamate metabolism
iMsi385	r44	argininosuccinate_synthase	L-Aspartate[1] + ATP[1] + L-Citrulline[1] => AMP[1] + N(omega)-(L-Arginino)succinate[1] + Diphosphate[1]	Msm_1084	0	1000	0	NA	Alanine, aspartate and glutamate metabolism
iMsi385	r45	Arginyl_tRNA_synthetase	L-Arginine[1] + ATP[1] + tRNA(Arg)[1] => AMP[1] + L-Arginyl-tRNA(Arg)[1] + Diphosphate[1]	Msm_1231	0	1000	0	NA	NA
iMsi385	r46	aspartate_semialdehyde_dehydrogenase__irreversible	4-Phospho-L-aspartate[1] + NADPH[1] => L-Aspartate 4-semialdehyde[1] + NADP+[1] + Phosphate[1]	Msm_0829	0	1000	0	NA	NA
iMsi385	r47	L_asparaginase	L-Asparagine[1] + H2O[1] => L-Aspartate[1] + Ammonium[1]	Msm_0334	0	1000	0	NA	NA
iMsi385	r48	asparagine_synthase__glutamine_hydrolysing_	L-Aspartate[1] + ATP[1] + L-Glutamine[1] + H2O[1] => AMP[1] + L-Asparagine[1] + L-Glutamate[1] + Diphosphate[1]	Msm_0160	0	1000	0	NA	NA
iMsi385	r49	aspartate_1_decarboxylase	L-Aspartate[1] => beta-Alanine[1] + CO2[1]	Msm_0987	0	1000	0	NA	NA
iMsi385	r50	aspartate_carbamoyltransferase	L-Aspartate[1] + Carbamoyl phosphate[1] => N-Carbamoyl-L-aspartate[1] + Phosphate[1]	Msm_1263	0	1000	0	NA	NA
iMsi385	r51	aspartate_kinase__irreversible	L-Aspartate[1] + ATP[1] => 4-Phospho-L-aspartate[1] + ADP[1]	Msm_0832	0	1000	0	NA	NA
iMsi385	r52	aspartate_transaminase	2-Oxoglutarate[1] + L-Aspartate[1] <=> L-Glutamate[1] + Oxaloacetate[1]	Msm_0677	-1000	1000	0	NA	Alanine, aspartate and glutamate metabolism
iMsi385	r53	Aspartyl_tRNA_synthetase	L-Aspartate[1] + ATP[1] + tRNA(Asp)[1] => AMP[1] + L-Aspartyl-tRNA(Asp)[1] + Diphosphate[1]	Msm_1236	0	1000	0	NA	NA
iMsi385	r54	archaetidylglycerol_hydrogenase	2,3-di-O-geranyl-sn-glycerol-1-phospho-3'-sn-glycerol[1] + 8 NADPH[1] => 2,3-di-O-phytanyl-sn-glycerol-1-phospho-3'-sn-glycerol[1] + 8 NADP+[1]	Msm_1701	0	1000	0	NA	NA
iMsi385	r55	archaetidylinositol_hydrogenase	2,3-di-O-geranyl-sn-glycero-1-phospho-myo-inositol[1] + 8 NADPH[1] => 2,3-O-phytanyl-sn-glycero-1-phospho-myo-inositol[1] + 8 NADP+[1]	Msm_1701	0	1000	0	NA	NA
iMsi385	r56	ATP_phosphoribosyltransferase	ATP[1] + 5-Phospho-alpha-D-ribose 1-diphosphate[1] => Diphosphate[1] + 1-(5-Phosphoribosyl)-ATP[1]	Msm_1261	0	1000	0	NA	NA
iMsi385	r57	H__exporting_ATPase	ATP[1] + H2O[1] => ADP[1] + Phosphate[1]	Msm_0895	0	0	0	NA	NA
iMsi385	r58	ATP_synthase__four_protons_for_one_ATP_	ADP[1] + Phosphate[1] <=> ATP[1] + H2O[1]	Msm_0435:Msm_0434:Msm_0437:Msm_0433;Msm_0440;Msm_0440	0	0	0	NA	NA
iMsi385	r59	atrazine_chlorohydrolase	Atrazine[1] + H2O[1] => Chloride[1] + Hydroxyatrazine[1]	Msm_1259	0	1000	0	NA	NA
iMsi385	r60	archaetidylserine_hydrogenase	2,3-di-O-geranylgeranyl-sn-glyceroserine[1] + 8 NADPH[1] => 2,3-O-phytanyl-sn-glycero-1-phosphoserine[1] + 8 NADP+[1]	Msm_1701	0	1000	0	NA	NA
iMsi385	r61	biotin_[acetyl_CoA_carboxylase]_ligase	ATP[1] + Biotin[1] => Biotinyl-5'-AMP[1] + Diphosphate[1]	Msm_0766	0	1000	0	NA	NA
iMsi385	r62	beta_ribofuranosylaminobenzene_5__phosphate_synthase	4-Aminobenzoate[1] + 5-Phospho-alpha-D-ribose 1-diphosphate[1] => 4-(B-D-ribofuranosyl)aminobenzene 5'-phosphate[1] + CO2[1] + Diphosphate[1]	Msm_0848	0	1000	0	NA	NA
iMsi385	r63	biotin_synthase	Biotin[1] + Hydrogen sulfide[1] <=> Dethiobiotin[1] + 2 Sulfur[1]	Msm_0573	-1000	1000	0	NA	NA
iMsi385	r64	calcium_transport_via_ABC_system	ATP[1] + H2O[1] => ADP[1] + Phosphate[1]	Msm_0895	0	0	0	NA	NA
iMsi385	r65	calcium_/_sodium_antiporter	Sodium[1] <=> Sodium[1]	Msm_1027;Msm_1027	0	0	0	NA	NA
iMsi385	r66	carbamoyl_phosphate_synthase__glutamine_hydrolysing_	2 ATP[1] + CO2[1] + L-Glutamine[1] + H2O[1] => 2 ADP[1] + Carbamoyl phosphate[1] + L-Glutamate[1] + Phosphate[1]	Msm_0489:Msm_0488	0	1000	0	NA	NA
iMsi385	r67	cadmium_transport_out_via_ABC_system	ATP[1] + H2O[1] => ADP[1] + Phosphate[1]	Msm_1153	0	0	0	NA	NA
iMsi385	r68	cadmium_transport_in_via_ABC_system	ATP[1] + H2O[1] => ADP[1] + Phosphate[1]	Msm_1153	0	0	0	NA	NA
iMsi385	r69	CDP_2_3_di_O_geranylgeranyl_sn_glyceroserine_O_archaetidyltransferase	CDP-2,3-digeranylgeranyl-sn-glycerol[1] + L-Serine[1] => CMP[1] + 2,3-di-O-geranylgeranyl-sn-glyceroserine[1]	Msm_0982	0	1000	0	NA	NA
iMsi385	r70	CDP_2_O__3__hydroxy_geranyl_3_O_geranyl_sn_glyceroserine_O_archaetidyltransferase	CDP2O(3'-hydroxy)geranyl-3-O-geranyl-sn-glycerol[1] + L-Serine[1] => 2-O-(3'-hydroxy)geranyl-3-O-geranyl-sn-glyceroserine[1] + CMP[1]	Msm_0982	0	1000	0	NA	NA
iMsi385	r71	CDP_digeranyl_sn_glycero_myo_inositol_3_phosphatidyltransferase	CDP-2,3-digeranylgeranyl-sn-glycerol[1] + myo-Inositol[1] => CMP[1] + 2,3-di-O-geranyl-sn-glycero-1-phospho-myo-inositol[1]	Msm_0613	0	1000	0	NA	NA
iMsi385	r72	CDP_digeranyl_sn_glycero_myo_inositol_3_phosphatidyltransferase__3__hydroxy_	CDP2O(3'-hydroxy)geranyl-3-O-geranyl-sn-glycerol[1] + myo-Inositol[1] => 2-O-(3'hydroxy)geranyl-3-O-geranyl-sn-glycero-1-phospho-myo-inositol[1] + CMP[1]	Msm_0613	0	1000	0	NA	NA
iMsi385	r73	coenzyme_F390_synthetase__ATP_	ATP[1] + coenzyme ferredoxin 420-2 (oxidized)[1] => coenzyme F390 (adenosine)[1] + Diphosphate[1]	Msm_0387	0	1000	0	NA	NA
iMsi385	r74	coenzyme_F390_synthetase__GTP_	coenzyme ferredoxin 420-2 (oxidized)[1] + GTP[1] => coenzyme F390 (guanosine)[1] + Diphosphate[1]	Msm_0387	0	1000	0	NA	NA
iMsi385	r75	cis__homo_2aconitate_hydrolase	cis-(homo)2aconitate[1] + H2O[1] <=> (-)threo-iso(homo)2citrate[1]	Msm_1300;Msm_1299;Msm_0847	-1000	1000	0	NA	NA
iMsi385	r76	cis__homo_3aconitate_hydrolase	H2O[1] + cis-(homo)3aconitate[1] <=> (-)threo-iso(homo)3citrate[1]	Msm_1300;Msm_1299;Msm_0847	-1000	1000	0	NA	NA
iMsi385	r77	cis_homoaconitate_hydrolase	H2O[1] + cis-homoaconitate[1] <=> threo-isohomocitrate[1]	Msm_1300;Msm_1299;Msm_0847	-1000	1000	0	NA	NA
iMsi385	r78	chorismate_mutase	chorismate[1] => Prephenate[1]	Msm_1052;Msm_0834	0	1000	0	NA	NA
iMsi385	r79	chorismate_synthase	5-O-(1-Carboxyvinyl)-3-phosphoshikimate[1] => chorismate[1] + Phosphate[1]	Msm_1474	0	1000	0	NA	NA
iMsi385	r80	Cobalt_transport_via_ABC_system	ATP[1] + H2O[1] => ADP[1] + Phosphate[1]	Msm_1621:Msm_1620;Msm_1621:Msm_1620	0	0	0	NA	NA
iMsi385	r82	cobaltochelatase	ATP[1] + H2O[1] + Hydrogenobyrinate a,c diamide[1] => ADP[1] + Cob(II)yrinate a,c diamide[1] + Phosphate[1]	Msm_1715	0	1000	0	NA	NA
iMsi385	r83	precorrin_2_C20_methyltransferase	S-Adenosyl-L-methionine[1] + cobalt-precorrin 2[1] => S-Adenosyl-L-homocysteine[1] + cobalt-precorrin 3[1]	Msm_1351	0	1000	0	NA	NA
iMsi385	r84	precorrin_3B_C17_methyltransferase	S-Adenosyl-L-methionine[1] + cobalt-precorrin 3[1] => S-Adenosyl-L-homocysteine[1] + cobalt-precorrin 4[1]	Msm_1273	0	1000	0	NA	NA
iMsi385	r85	precorrin_4_C11_methyltransferase	S-Adenosyl-L-methionine[1] + cobalt-precorrin 4[1] => S-Adenosyl-L-homocysteine[1] + cobalt-precorrin 5[1]	Msm_0101	0	1000	0	NA	NA
iMsi385	r86	precorrin_5_C1_methyltransferase	S-Adenosyl-L-methionine[1] + cobalt-precorrin 5[1] + H2O[1] => Acetaldehyde[1] + S-Adenosyl-L-homocysteine[1] + cobalt-precorrin 6[1]	Msm_0837	0	1000	0	NA	NA
iMsi385	r87	precorrin_6Y_C5_15_methyltransferase__decarboxylating_	2 S-Adenosyl-L-methionine[1] + cobalt-dihydro-precorrin 6[1] => 2 S-Adenosyl-L-homocysteine[1] + CO2[1] + cobalt-precorrin 8[1]	Msm_1167:Msm_0238	0	1000	0	NA	NA
iMsi385	r88	precorrin_8X_methylmutase	Cobyrinate[1] <=> cobalt-precorrin 8[1]	Msm_1234	-1000	1000	0	NA	NA
iMsi385	r89	Cytosine_deaminase	Cytosine[1] + H2O[1] => Ammonium[1] + Uracil[1]	Msm_1386	0	1000	0	NA	NA
iMsi385	r90	CTP_synthase__NH3_	ATP[1] + Ammonium[1] + UTP[1] => ADP[1] + CTP[1] + Phosphate[1]	Msm_0147	0	1000	0	NA	NA
iMsi385	r91	CTP_synthase__glutamine_	ATP[1] + L-Glutamine[1] + H2O[1] + UTP[1] => ADP[1] + CTP[1] + L-Glutamate[1] + Phosphate[1]	Msm_0147	0	1000	0	NA	NA
iMsi385	r92	Copper_transport_via_ABC_system	ATP[1] + H2O[1] => ADP[1] + Phosphate[1]	Msm_1252	0	1000	0	NA	NA
iMsi385	r93	Copper_export_via_ATPase	ATP[1] + H2O[1] => ADP[1] + Phosphate[1]	Msm_1153	0	1000	0	NA	NA
iMsi385	r94	Cob_II_yrinate_a_c_diamide_synthase__glutamine_hydrolysing_	2 ATP[1] + Cobyrinate[1] + 2 L-Glutamine[1] + H2O[1] => 2 ADP[1] + Cob(II)yrinate a,c diamide[1] + 2 L-Glutamate[1] + Diphosphate[1]	Msm_1215	0	1000	0	NA	NA
iMsi385	r95	Cysteine_Desulfhydrase	L-Cysteine[1] + H2O[1] => Hydrogen sulfide[1] + Ammonium[1] + Pyruvate[1]	Msm_0265	0	1000	0	NA	NA
iMsi385	r96	cysteine_synthase__reversible_	Acetate[1] + L-Cysteine[1] <=> O-Acetyl-L-serine[1] + Hydrogen sulfide[1]	Msm_0271	-1000	1000	0	NA	NA
iMsi385	r97	Cysteinyl_tRNA_synthetase	ATP[1] + L-Cysteine[1] + tRNA(Cys)[1] => AMP[1] + L-Cysteinyl-tRNA(Cys)[1] + Diphosphate[1]	Msm_0268	0	1000	0	NA	NA
iMsi385	r98	cytidylate_kinase__CMP_	ADP[1] + CDP[1] <=> ATP[1] + CMP[1]	Msm_0734	-1000	1000	0	NA	NA
iMsi385	r99	cytidylate_kinase__dCMP_	ADP[1] + dCDP[1] <=> ATP[1] + dCMP[1]	Msm_0734	-1000	1000	0	NA	NA
iMsi385	r100	LL-2,6-Diaminoheptanedioate 2-epimerase	LL-2,6-Diaminoheptanedioate[1] <=> meso-2,6-Diaminoheptanedioate[1]	Msm_1372	-1000	1000	0	NA	Lysine biosynthesis
iMsi385	r101	diaminopimelate_decarboxylase	meso-2,6-Diaminoheptanedioate[1] => CO2[1] + L-Lysine[1]	Msm_1371	0	1000	0	NA	NA
iMsi385	r102	3_4_Dihydroxy_2_butanone_4_phosphate_synthase	D-Ribulose 5-phosphate[1] => 3,4-dihydroxy-2-butanone 4-phosphate[1] + Formate[1]	Msm_1256	0	1000	0	NA	NA
iMsi385	r103	dCTP_deaminase	dCTP[1] + H2O[1] => dUTP[1] + Ammonium[1]	Msm_0065:Msm_0687	0	1000	0	NA	NA
iMsi385	r104	dihydroxy_acid_dehydratase__2_3_dihydroxy_3_methylbutanoate_	(R)-2,3-Dihydroxy-3-methylbutanoate[1] => 3-Methyl-2-oxobutanoate[1] + H2O[1]	Msm_1237	0	1000	0	NA	NA
iMsi385	r105	Dihydroxy_acid_dehydratase__2_3_dihydroxy_3_methylpentanoate_	(R)-2,3-Dihydroxy-3-methylpentanoate[1] => (S)-3-Methyl-2-oxopentanoate[1] + H2O[1]	Msm_1237	0	1000	0	NA	NA
iMsi385	r106	dihydrodipicolinate_reductase__NADPH_	2,3-Dihydrodipicolinate[1] + NADPH[1] => NADP+[1] + 2,3,4,5-Tetrahydrodipicolinate[1]	Msm_0830	0	1000	0	NA	NA
iMsi385	r107	LL-2,6-diaminoheptanedioate:2-oxoglutarate aminotransferase	2-Oxoglutarate[1] + LL-2,6-Diaminoheptanedioate[1] <=> L-Glutamate[1] + H2O[1] + 2,3,4,5-Tetrahydrodipicolinate[1]	Msm_1455	-1000	1000	0	NA	Lysine biosynthesis
iMsi385	r108	dihydrodipicolinate_synthase	L-Aspartate 4-semialdehyde[1] + Pyruvate[1] => 2,3-Dihydrodipicolinate[1] + 2 H2O[1]	Msm_0831	0	1000	0	NA	NA
iMsi385	r109	dihydrofolate_synthase	ATP[1] + Dihydropteroate[1] + L-Glutamate[1] => ADP[1] + 7,8-Dihydrofolate[1] + Phosphate[1]	Msm_1734	0	1000	0	NA	NA
iMsi385	r110	dihydroorotic_acid_dehydrogenase__f420_	coenzyme ferredoxin 420-2 (reduced)[1] + Orotate[1] <=> (S)-Dihydroorotate[1] + coenzyme ferredoxin 420-2 (oxidized)[1]	Msm_1044	-1000	1000	0	NA	NA
iMsi385	r111	dihydroorotase	(S)-Dihydroorotate[1] + H2O[1] <=> N-Carbamoyl-L-aspartate[1]	Msm_0997	-1000	1000	0	NA	NA
iMsi385	r112	3_dehydroquinate_dehydratase	3-Dehydroquinate[1] <=> 3-Dehydroshikimate[1] + H2O[1]	Msm_0231	-1000	1000	0	NA	NA
iMsi385	r113	3_dehydroquinate_synthase	3,7-dideoxy-D-threo-hepto-2,6-diulosonate[1] => 3-Dehydroquinate[1]	Msm_0055	0	1000	0	NA	NA
iMsi385	DKFPR	6-deoxy-5-ketofructose 1-phosphate reductase	NADH[1] + 6-deoxy-5-ketofructose 1-phosphate[1] <=> 6-deoxy-5-ketomannitol 1-phosphate[1] + NAD+[1]	NA	-1000	1000	0	NA	NA
iMsi385	DKFPS	6-deoxy-5-ketofructose 1-phosphate synthase	NADH[1] + 4,5-diketo-6-deoxyfructose 1-phosphate[1] => NAD+[1] + 6-deoxy-5-ketofructose 1-phosphate[1]	NA	0	1000	0	NA	NA
iMsi385	4KFBPP	4-ketofructose 1,6-bisphosphate phosphatase	4-ketofructose 1,6-bisphosphate[1] => Phosphate[1] + 4,5-diketo-6-deoxyfructose 1-phosphate[1]	NA	0	1000	0	NA	NA
iMsi385	FBPO	fructose-bisphosphate oxidase	D-Fructose 1,6-bisphosphate[1] + NAD+[1] => NADH[1] + 4-ketofructose 1,6-bisphosphate[1]	NA	0	1000	0	NA	NA
iMsi385	r114	diphthine_synthase	S-Adenosyl-L-methionine[1] + 2-(3-Carboxy-3-aminopropyl)-L-histidine[1] => S-Adenosyl-L-homocysteine[1] + 2-[3-Carboxy-3-(methylammonio)propyl]-L-histidine[1]	Msm_0801	0	1000	0	NA	NA
iMsi385	r115	6_deoxy_5_ketomannitol_1_phosphate_L_aspartate_semialdehyde_ligase	L-Aspartate 4-semialdehyde[1] + 6-deoxy-5-ketomannitol 1-phosphate[1] => 3,7-dideoxy-D-threo-hepto-2-amino-6-ulosonate[1] + Glyceraldehyde 3-phosphate[1]	Msm_0056	0	1000	0	NA	NA
iMsi385	r116	dimethylallyltranstransferase	Dimethylallyl diphosphate[1] + Isopentenyl diphosphate[1] => Geranyl diphosphate[1] + Diphosphate[1]	Msm_1443	0	1000	0	NA	NA
iMsi385	r117	dimethylallyltranstransferase__3_hydroxy_	Isopentenyl diphosphate[1] + methyl-3-hydroxyl diphosphate[1] => 3-hydroxy-geranyl diphsophate[1] + Diphosphate[1]	Msm_1443	0	1000	0	NA	NA
iMsi385	r118	7_8_didemethyl_8_hydroxy_5_deazariboflavin_synthetase	3-(4-Hydroxyphenyl)pyruvate[1] + 4-(1-D-Ribitylamino)-5-aminouracil[1] + H2O[1] + 2 NADP+[1] => 7,8-didemethyl-8-hydroxy-5-deazariboflavin[1] + 2 NADPH[1] + Ammonium[1] + Oxalate[1]	Msm_1035:Msm_0079;Msm_0079	0	1000	0	NA	NA
iMsi385	r119	3_7_dideoxy_D_threo_hepto_2_6_diulosonate_synthase	3,7-dideoxy-D-threo-hepto-2-amino-6-ulosonate[1] + H2O[1] + NAD+[1] => 3,7-dideoxy-D-threo-hepto-2,6-diulosonate[1] + NADH[1] + Ammonium[1]	Msm_0055	0	1000	0	NA	NA
iMsi385	r120	dephospho_CoA_kinase	ATP[1] + Dephospho-CoA[1] => ADP[1] + CoA[1]	Msm_0141	0	1000	0	NA	NA
iMsi385	r121	2_5_diamino_6_ribosylamino_4_3H__pyrimidinone_5__phosphate_reductase	2,5-Diamino-6-hydroxy-4-(5'-phosphoribosylamino)-pyrimidine[1] + NADH[1] => 2,5-diamino-6-ribitylamino-4(3H)-pyrimidinone 5'-phosphate[1] + NAD+[1]	Msm_0065:Msm_0687	0	1000	0	NA	NA
iMsi385	r122	2_5_diamino_6_ribosylamino_4_3H__pyrimidinone_5__phosphate_reductase__nadph_	2,5-Diamino-6-hydroxy-4-(5'-phosphoribosylamino)-pyrimidine[1] + NADPH[1] => 2,5-diamino-6-ribitylamino-4(3H)-pyrimidinone 5'-phosphate[1] + NADP+[1]	Msm_0065:Msm_0687	0	1000	0	NA	NA
iMsi385	r123	2_5_diamino_6_ribitylamino_4_3H__pyrimidinone_5__phosphate_deaminase	2,5-diamino-6-ribitylamino-4(3H)-pyrimidinone 5'-phosphate[1] + H2O[1] => 5-Amino-6-(5'-phosphoribitylamino)uracil[1] + Ammonium[1]	Msm_0065:Msm_0687	0	1000	0	NA	NA
iMsi385	r124	enolase	D-Glycerate 2-phosphate[1] <=> H2O[1] + Phosphoenolpyruvate[1]	Msm_1435	-1000	1000	0	NA	Glycolysis / Gluconeogenesis
iMsi385	r125	F420_Deydrogenase	coenzyme ferredoxin 420-2 (reduced)[1] + methanophenazine (oxidized)[1] => coenzyme ferredoxin 420-2 (oxidized)[1] + methanophenazine (reduced)[1]	Msm_0312:Msm_1121;Msm_1071	0	1000	0	NA	NA
iMsi385	r126	F420H2_oxidase	2 coenzyme ferredoxin 420-2 (oxidized)[1] + 2 H2O[1] <=> 2 coenzyme ferredoxin 420-2 (reduced)[1] + O2[1]	Msm_0222	0	0	0	NA	NA
iMsi385	r127	coenzyme_F420_dependent_N_5__N_10__methenyltetrahydrosarcinapterin_dehydrogenase	coenzyme ferredoxin 420-2 (oxidized)[1] + N5,N10-methylene-5,6,7,8-tetrahydromethanopterin[1] <=> coenzyme ferredoxin 420-2 (reduced)[1] + methenyl-tetrahydrosarcinapterin[1]	Msm_1204	-1000	1000	0	NA	NA
iMsi385	r128	coenzyme_F420_dependent_N_5__N_10__methenyltetrahydrosarcinapterin_reductase	coenzyme ferredoxin 420-2 (reduced)[1] + N5,N10-methylene-5,6,7,8-tetrahydromethanopterin[1] <=> coenzyme ferredoxin 420-2 (oxidized)[1] + N5-methyl-tetrahydrosarcinapterin[1]	Msm_0542	-1000	1000	0	NA	NA
iMsi385	r129	F420_dependent_NADP_reductase	coenzyme ferredoxin 420-2 (oxidized)[1] + NADPH[1] <=> coenzyme ferredoxin 420-2 (reduced)[1] + NADP+[1]	Msm_0049	-1000	1000	0	NA	NA
iMsi385	r130	F420_Reducing_Hydrogenase	coenzyme ferredoxin 420-2 (oxidized)[1] + H2[1] => coenzyme ferredoxin 420-2 (reduced)[1]	Msm_1124:Msm_1121:Msm_1123:Msm_1122	0	1000	0	NA	NA
iMsi385	r131	fructose_bisphosphate_aldolase	D-Fructose 1,6-bisphosphate[1] <=> Dihydroxyacetone phosphate[1] + Glyceraldehyde 3-phosphate[1]	Msm_0056	-1000	1000	0	NA	Glycolysis / Gluconeogenesis
iMsi385	r132	D_Fructose_1_phosphate_D_glyceraldehyde_3_phosphate_lyase	D-Fructose 1-phosphate[1] <=> Dihydroxyacetone phosphate[1] + D-Glyceraldehyde[1]	Msm_0056	-1000	1000	0	NA	NA
iMsi385	r133	iron__II__transport_via_ABC_system	ATP[1] + H2O[1] => ADP[1] + Phosphate[1]	Msm_0589;Msm_0589	0	0	0	NA	NA
iMsi385	r134	iron__III__transport_via_ABC_system	ATP[1] + H2O[1] => ADP[1] + Phosphate[1]	Msm_1395;Msm_1395;Msm_1394;Msm_1394	0	0	0	NA	NA
iMsi385	r135	iron__III__dicitrate_transport_via_ABC_system	ATP[1] + 2 Citrate[1] + H2O[1] => ADP[1] + 2 Citrate[1] + Phosphate[1]	Msm_1394;Msm_1395;Msm_1395	0	0	0	NA	NA
iMsi385	r136	formylmethanofuran_dehydrogenase__b_	CO2[1] + 2 ferredoxin (reduced) 2[4Fe-4S][1] + methanofuran_b[1] <=> 2 ferredoxin (oxidized) 2[4Fe-4S][1] + formylmethanofuran_b[1] + H2O[1]	Msm_1413;Msm_1414	-1000	1000	0	NA	NA
iMsi385	r137	formylmethanofuran_H4SPT_N_formyltransferase__b_	formylmethanofuran_b[1] + tetrahydrosarcinapterin[1] <=> formyltetrahydrosarcinapterin[1] + methanofuran_b[1]	Msm_1092	-1000	1000	0	NA	NA
iMsi385	r138	farnesyltranstransferase	Farnesyl diphosphate[1] + Isopentenyl diphosphate[1] => Geranylgeranyl diphosphate[1] + Diphosphate[1]	Msm_1443	0	1000	0	NA	NA
iMsi385	r139	farnesyltranstransferase__3_hyroxy_	3-hydroxy-farnesyl diphosphate[1] + Isopentenyl diphosphate[1] => 3-hydroxy-geranylgeranyl diphosphate[1] + Diphosphate[1]	Msm_1443;Msm_0096	0	1000	0	NA	NA
iMsi385	r140	fumarase	Fumarate[1] + H2O[1] <=> L-Malate[1]	Msm_0563:Msm_0769:Msm_0447:Msm_0929	-1000	1000	0	NA	Citrate cycle (TCA cycle)
iMsi385	r141	glucosamine_1_phosphate_N_acetyltransferase	Acetyl-CoA[1] + D-Glucosamine 1-phosphate[1] => N-Acetyl-D-glucosamine 1-phosphate[1] + CoA[1]	Msm_0655	0	1000	0	NA	NA
iMsi385	r142	glycerol_1_phosphate_dehydrogenase__NAD_	Dihydroxyacetone phosphate[1] + NADH[1] <=> Glycerol 1-phosphate[1] + NAD+[1]	Msm_0286	-1000	1000	0	NA	NA
iMsi385	r143	glucose_1_phosphate_thymidylyltransferase	dTTP[1] + D-Glucose 1-phosphate[1] => dTDPglucose[1] + Diphosphate[1]	Msm_1307	0	1000	0	NA	NA
iMsi385	r144	glutamate_1_semialdehyde_aminotransferase	L-Glutamate 1-semialdehyde[1] => 5-Amino-4-oxopentanoate[1]	Msm_1368;Msm_1233	0	1000	0	NA	NA
iMsi385	r145	glucose_6_phosphate_dehydrogenase__F420_Dependent_	coenzyme ferredoxin 420-2 (oxidized)[1] + D-Glucose 6-phosphate[1] => 6-phospho-D-glucono-1,5-lactone[1] + coenzyme ferredoxin 420-2 (reduced)[1]	Msm_0542	0	1000	0	NA	NA
iMsi385	r146	UTP_glucose_1_phosphate_uridylyltransferase__irreversible_	D-Glucose 1-phosphate[1] + UTP[1] => Diphosphate[1] + UDPglucose[1]	Msm_1604	0	1000	0	NA	NA
iMsi385	r147	glycogen synthase (UDPGlc)	UDPglucose[1] => UDP[1] + Glycogen[1]	NA	0	1000	0	NA	NA
iMsi385	r148	glyceraldehyde_3_phosphate_dehydrogenase	3-Phospho-D-glyceroyl phosphate[1] + NADH[1] <=> Glyceraldehyde 3-phosphate[1] + NAD+[1] + Phosphate[1]	Msm_0962	-1000	1000	0	NA	Glycolysis / Gluconeogenesis
iMsi385	r149	glyceraldehyde_3_phosphate_dehydrogenase__NAD_P_____phosphorylating_	3-Phospho-D-glyceroyl phosphate[1] + NADPH[1] <=> Glyceraldehyde 3-phosphate[1] + NADP+[1] + Phosphate[1]	NA	0	0	0	NA	Glycolysis / Gluconeogenesis
iMsi385	r150	gamma_F420_0_gamma_L_glutamate_ligase	coenzyme ferredoxin 420-0[1] + L-Glutamate[1] + GTP[1] => coenzyme ferredoxin 420-1[1] + GDP[1] + Phosphate[1]	Msm_0975	0	1000	0	NA	NA
iMsi385	r151	gamma_F420_1_gamma_L_glutamate_ligase	coenzyme ferredoxin 420-1[1] + L-Glutamate[1] + GTP[1] => coenzyme ferredoxin 420-2 (oxidized)[1] + GDP[1] + Phosphate[1]	Msm_0975	0	1000	0	NA	NA
iMsi385	r152	gamma_F420_2_gamma_L_glutamate_ligase	coenzyme ferredoxin 420-2 (oxidized)[1] + L-Glutamate[1] + GTP[1] => coenzyme ferredoxin 420-3[1] + GDP[1] + Phosphate[1]	Msm_0975	0	1000	0	NA	NA
iMsi385	r153	gamma_F420_3_gamma_L_glutamate_ligase	coenzyme ferredoxin 420-3[1] + L-Glutamate[1] + GTP[1] => coenzyme ferredoxin 420-4[1] + GDP[1] + Phosphate[1]	Msm_0975	0	1000	0	NA	NA
iMsi385	r154	gamma_F420_4_gamma_L_glutamate_ligase	coenzyme ferredoxin 420-4[1] + L-Glutamate[1] + GTP[1] => coenzyme ferredoxin 420-5[1] + GDP[1] + Phosphate[1]	Msm_0975	0	1000	0	NA	NA
iMsi385	r155	gamma_F420_5_gamma_L_glutamate_ligase	coenzyme ferredoxin 420-5[1] + L-Glutamate[1] + GTP[1] => coenzyme ferredoxin 420-6[1] + GDP[1] + Phosphate[1]	Msm_0975	0	1000	0	NA	NA
iMsi385	r156	gamma_F420_6_gamma_L_glutamate_ligase	coenzyme ferredoxin 420-6[1] + L-Glutamate[1] + GTP[1] => coenzyme ferredoxin 420-7[1] + GDP[1] + Phosphate[1]	Msm_0975	0	1000	0	NA	NA
iMsi385	r157	glutamine_fructose_6_phosphate_transaminase	D-Fructose 6-phosphate[1] + L-Glutamine[1] => D-Glucosamine 6-phosphate[1] + L-Glutamate[1]	Msm_1551	0	1000	0	NA	NA
iMsi385	r158	geranylgeranylglyceryl_phosphate_synthase	Geranylgeranyl diphosphate[1] + Glycerol 1-phosphate[1] => (S)-3-O-geranylgeranylglyceryl phosphate[1] + Diphosphate[1]	Msm_0124	0	1000	0	NA	NA
iMsi385	r159	glycine_hydroxymethyltransferase	L-Serine[1] + 5,6,7,8-Tetrahydrofolate[1] => Glycine[1] + H2O[1] + 5,10-Methylenetetrahydrofolate[1]	Msm_1337	0	1000	0	NA	NA
iMsi385	R01224	5-methyltetrahydrofolate:NADP+ oxidoreductase	NADP+[1] + 5-Methyltetrahydrofolate[1] <=> 5,10-Methylenetetrahydrofolate[1] + NADPH[1]	NA	-1000	1000	0	NA	NA
iMsi385	R07168	5-methyltetrahydrofolate:NAD+ oxidoreductase	NAD+[1] + 5-Methyltetrahydrofolate[1] <=> 5,10-Methylenetetrahydrofolate[1] + NADH[1]	NA	-1000	1000	0	NA	NA
iMsi385	r160	glutamine_synthetase	ATP[1] + L-Glutamate[1] + Ammonium[1] => ADP[1] + L-Glutamine[1] + Phosphate[1]	Msm_1418	0	1000	0	NA	NA
iMsi385	r161	glutamyl_tRNA_Gln__amidotransferase	ATP[1] + L-Glutamine[1] + L_Glutamyl_tRNA_Gln_[1] + H2O[1] => ADP[1] + L-Glutaminyl-tRNA(Gln)[1] + L-Glutamate[1] + Phosphate[1]	Msm_1253:Msm_1101;Msm_0335	0	1000	0	NA	NA
iMsi385	r162	Glutamate_Decarboxylase	L-Glutamate[1] => 4-Aminobutanoate[1] + CO2[1]	Msm_0987;Msm_0878	0	1000	0	NA	NA
iMsi385	r163	glutamate_dehydrogenase__NAD_	L-Glutamate[1] + H2O[1] + NAD+[1] => 2-Oxoglutarate[1] + NADH[1] + Ammonium[1]	Msm_0888	0	1000	0	NA	NA
iMsi385	r164	glutamate_dehydrogenase__NADP_	2-Oxoglutarate[1] + NADPH[1] + Ammonium[1] => L-Glutamate[1] + H2O[1] + NADP+[1]	Msm_0888	0	1000	0	NA	NA
iMsi385	r165	glutamine_phosphoribosyldiphosphate_amidotransferase	L-Glutamine[1] + H2O[1] + 5-Phospho-alpha-D-ribose 1-diphosphate[1] => L-Glutamate[1] + Diphosphate[1] + 5-Phospho-beta-D-ribosylamine[1]	Msm_1704	0	1000	0	NA	NA
iMsi385	r166	5-Phospho-D-ribosylamine:glycine ligase (ADP-forming)	ATP[1] + Glycine[1] + 5-Phospho-beta-D-ribosylamine[1] <=> ADP[1] + Phosphate[1] + 5'-Phosphoribosylglycinamide[1]	Msm_1227	-1000	1000	0	NA	Purine metabolism
iMsi385	r166c	5'-Phosphoribosylformylglycinamide:L-glutamine amido-ligase (ADP-forming)	ATP[1] + L-Glutamine[1] + H2O[1] + 5'-Phosphoribosyl-N-formylglycinamide[1] <=> ADP[1] + 2-(Formamido)-N1-(5-phospho-D-ribosyl)acetamidine[1] + L-Glutamate[1] + Phosphate[1]	NA	-1000	1000	0	NA	Purine metabolism
iMsi385	r166b	10-Formyltetrahydrofolate:5'-phosphoribosylglycinamide formyltransferase	5'-Phosphoribosylglycinamide[1] + 10-Formyltetrahydrofolate[1] <=> 5'-Phosphoribosyl-N-formylglycinamide[1] + Tetrahydrofolate[1]	NA	-1000	1000	0	NA	Purine metabolism
iMsi385	r167	phosphoribosylglycinamide formyltransferase	N1-(5-Phospho-D-ribosyl)glycinamide[1] + H2O[1] + 5,10-Methenyltetrahydrofolate[1] <=> N2-Formyl-N1-(5-phospho-D-ribosyl)glycinamide[1] + Tetrahydrofolate[1]	NA	-1000	1000	0	NA	Purine metabolism
iMsi385	r168	glutamate_synthase__F420_	2-Oxoglutarate[1] + coenzyme ferredoxin 420-2 (reduced)[1] + L-Glutamine[1] => coenzyme ferredoxin 420-2 (oxidized)[1] + 2 L-Glutamate[1]	Msm_0370;Msm_0368;Msm_0369	0	1000	0	NA	NA
iMsi385	r169	glutamyl_tRNA_reductase	L-Glutamyl-tRNA(Glu)[1] + NADPH[1] => L-Glutamate 1-semialdehyde[1] + NADP+[1] + tRNA (Glu)[1]	Msm_0967	0	1000	0	NA	NA
iMsi385	r170	Glutamyl_tRNA_synthetase	ATP[1] + L-Glutamate[1] + tRNA (Glu)[1] => AMP[1] + L-Glutamyl-tRNA(Glu)[1] + Diphosphate[1]	Msm_1452	0	1000	0	NA	NA
iMsi385	r171	Glutamyl_tRNA_synthetase__Gln_	ATP[1] + L-Glutamate[1] + tRNA(Gln)[1] => AMP[1] + L_Glutamyl_tRNA_Gln_[1] + Diphosphate[1]	Msm_1452	0	1000	0	NA	NA
iMsi385	r172	Glycine_betaine_transport_via_ABC_system	ATP[1] + Glycine_betaine[1] + H2O[1] => ADP[1] + Glycine betaine[1] + Phosphate[1]	Msm_0290;Msm_1611;Msm_0857	0	0	0	NA	NA
iMsi385	r173	Glycyl_tRNA_synthetase	ATP[1] + Glycine[1] + tRNA(Gly)[1] => AMP[1] + Glycyl-tRNA(Gly)[1] + Diphosphate[1]	Msm_0403	0	1000	0	NA	NA
iMsi385	r174	GMP_synthase	ATP[1] + Ammonium[1] + Xanthosine 5'-phosphate[1] => AMP[1] + GMP[1] + Diphosphate[1]	Msm_0345;Msm_0343	0	1000	0	NA	NA
iMsi385	r175	GMP_synthase	ATP[1] + L-Glutamine[1] + H2O[1] + Xanthosine 5'-phosphate[1] => AMP[1] + L-Glutamate[1] + GMP[1] + Diphosphate[1]	Msm_0345;Msm_0343	0	0	0	NA	NA
iMsi385	r176	geranyltranstransferase	Geranyl diphosphate[1] + Isopentenyl diphosphate[1] => Farnesyl diphosphate[1] + Diphosphate[1]	Msm_1443;Msm_0096	0	1000	0	NA	NA
iMsi385	r177	geranyltranstransferase__3_hydroxy_	3-hydroxy-geranyl diphsophate[1] + Isopentenyl diphosphate[1] => 3-hydroxy-farnesyl diphosphate[1] + Diphosphate[1]	Msm_1443;Msm_0096	0	1000	0	NA	NA
iMsi385	r178	glutathione_oxidoreductase	Oxidized glutathione[1] + NADPH[1] <=> 2 Reduced glutathione[1] + NADP+[1]	Msm_0637	-1000	1000	0	NA	NA
iMsi385	r179	glutathione_oxidoreductase	GTP[1] + 2 H2O[1] => triaminopyrimidine triphosphate[1] + Formate[1]	Msm_0651	0	1000	0	NA	NA
iMsi385	r180	guanine_phosphoribosyltransferase	Guanine[1] + 5-Phospho-alpha-D-ribose 1-diphosphate[1] => GMP[1] + Diphosphate[1]	Msm_1359	0	1000	0	NA	NA
iMsi385	r182	hydroxyarchaetidylinositol_hydrogenase	2-O-(3'hydroxy)geranyl-3-O-geranyl-sn-glycero-1-phospho-myo-inositol[1] + 7 NADPH[1] => 2-O-(3'-hydroxyl)phytanyl-3-O-phytanyl-sn-glycero-1-phospho-myo-inositol[1] + 7 NADP+[1]	Msm_1701	0	1000	0	NA	NA
iMsi385	r183	hydroxyarchaetidylserine_hydrogenase	2-O-(3'-hydroxy)geranyl-3-O-geranyl-sn-glyceroserine[1] + 7 NADPH[1] => 2-O-(3'-hydroxy)phytanyl-3-O-phytanyl-sn-glycero-l-phosphoserine[1] + 7 NADP+[1]	Msm_1701	0	1000	0	NA	NA
iMsi385	r184	homocitrate_synthase	Acetyl-CoA[1] + 2-Oxoglutarate[1] + H2O[1] => CoA[1] + 2-Hydroxybutane-1,2,4-tricarboxylate[1]	Msm_0722;Msm_0350;Msm_1246	0	1000	0	NA	NA
iMsi385	r185	Heterodisulphide_reductase	heterodisulfide[1] + methanophenazine (reduced)[1] => coenzyme b[1] + coenzyme m[1] + methanophenazine (oxidized)[1]	Msm_1336;Msm_0082:Msm_0083;Msm_0795:Msm_0796	0	1000	0	NA	NA
iMsi385	r186	hydroxyethylthiazole_kinase	4-Methyl-5-(2-hydroxyethyl)-thiazole[1] + ATP[1] => 4-Methyl-5-(2-phosphoethyl)-thiazole[1] + ADP[1]	Msm_0916	0	1000	0	NA	NA
iMsi385	r187	histidinol_dehydrogenase	H2O[1] + L-Histidinol[1] + 2 NAD+[1] => L-Histidine[1] + 2 NADH[1]	Msm_1238	0	1000	0	NA	NA
iMsi385	r188	histidinol_phosphatase	H2O[1] + L-Histidinol phosphate[1] => L-Histidinol[1] + Phosphate[1]	Msm_1206	0	1000	0	NA	NA
iMsi385	r189	Histidyl_tRNA_synthetase	ATP[1] + L-Histidine[1] + tRNA(His)[1] => AMP[1] + L-Histidyl-tRNA(His)[1] + Diphosphate[1]	Msm_1181	0	1000	0	NA	NA
iMsi385	r190	H_/K__gastric/non_gastric_P_ATPase_and_ABC_ATPase	ATP[1] + H2O[1] => ADP[1] + Phosphate[1]	Msm_1252	0	0	0	NA	NA
iMsi385	r191	hydroxymethylbilane_synthase	H2O[1] + 4 Porphobilinogen[1] => Hydroxymethylbilane[1] + 4 Ammonium[1]	Msm_0881	0	1000	0	NA	NA
iMsi385	r192	Hydroxymethylglutaryl_CoA_reductase__ir_	Hydroxymethylglutaryl-CoA[1] + 2 NADPH[1] => CoA[1] + (R)-Mevalonate[1] + 2 NADP+[1]	Msm_0227	0	1000	0	NA	NA
iMsi385	r193	Hydroxymethylglutaryl_CoA_synthase__ir_	Acetoacetyl-CoA[1] + Acetyl-CoA[1] + H2O[1] => CoA[1] + Hydroxymethylglutaryl-CoA[1]	Msm_1561	0	1000	0	NA	NA
iMsi385	r194	hydroxymethylpyrimidine_kinase__ATP_	4-Amino-5-hydroxymethyl-2-methylpyrimidine[1] + ATP[1] => 4-Amino-2-methyl-5-phosphomethylpyrimidine[1] + ADP[1]	Msm_0289	0	1000	0	NA	NA
iMsi385	r195	homoserine_dehydrogenase__NADPH_	L-Aspartate 4-semialdehyde[1] + NADPH[1] <=> L-Homoserine[1] + NADP+[1]	Msm_0154	-1000	1000	0	NA	NA
iMsi385	r196	homoserine_O_trans_acetylase	Acetyl-CoA[1] + L-Homoserine[1] <=> O-Acetyl-L-homoserine[1] + CoA[1]	Msm_0175	-1000	1000	0	NA	NA
iMsi385	r197	histidinol_phosphate_transaminase	L-Glutamate[1] + 3-(Imidazol-4-yl)-2-oxopropyl phosphate[1] => 2-Oxoglutarate[1] + L-Histidinol phosphate[1]	Msm_0653	0	1000	0	NA	NA
iMsi385	r198	isocitrate_dehydrogenase__NADP_	2-Oxoglutarate[1] + CO2[1] + NADPH[1] <=> Isocitrate[1] + NADP+[1]	Msm_0373	-1000	1000	0	NA	NA
iMsi385	r199	Imidazole_glycerol_3_phosphate_synthase	L-Glutamine[1] + 5-[(5-phospho-1-deoxyribulos-1-ylamino)methylideneamino]-1-(5-phosphoribosyl)imidazole-4-carboxamide[1] => 5-Amino-1-(5-Phospho-D-ribosyl)imidazole-4-carboxamide[1] + D-erythro-1-(Imidazol-4-yl)glycerol 3-phosphate[1] + L-Glutamate[1]	Msm_1364:Msm_1159	0	1000	0	NA	NA
iMsi385	r200	imidazoleglycerol_phosphate_dehydratase	D-erythro-1-(Imidazol-4-yl)glycerol 3-phosphate[1] => H2O[1] + 3-(Imidazol-4-yl)-2-oxopropyl phosphate[1]	Msm_1206	0	1000	0	NA	NA
iMsi385	r201	indole_3_glycerol_phosphate_synthase	1-(2-Carboxyphenylamino)-1-deoxy-D-ribulose 5-phosphate[1] => C'-(3-Indolyl)-glycerol 3-phosphate[1] + CO2[1] + H2O[1]	Msm_1143	0	1000	0	NA	NA
iMsi385	r202	isoleucine_transaminase	2-Oxoglutarate[1] + L-Isoleucine[1] <=> (S)-3-Methyl-2-oxopentanoate[1] + L-Glutamate[1]	Msm_1202	-1000	1000	0	NA	NA
iMsi385	r203	Isoleucyl_tRNA_synthetase	ATP[1] + L-Isoleucine[1] + tRNA(Ile)[1] => AMP[1] + L-Isoleucyl-tRNA(Ile)[1] + Diphosphate[1]	Msm_1341;Msm_0275;Msm_1244	0	1000	0	NA	NA
iMsi385	r204	inositol_2_dehydrogenase	myo-Inositol[1] + NAD+[1] => 2-Inosose[1] + NADH[1]	Msm_0882	0	1000	0	NA	NA
iMsi385	r205	indolepyruvate_ferredoxin_oxidoreductase	CO2[1] + 2 ferredoxin (reduced) 2[4Fe-4S][1] + S-2-(indol-3-yl)acetyl-CoA[1] <=> CoA[1] + 2 ferredoxin (oxidized) 2[4Fe-4S][1] + Indolepyruvate[1]	Msm_0392:Msm_0391	-1000	1000	0	NA	NA
iMsi385	r206	indolepyruvate_ferredoxin_oxidoreductase__phenylpyvurate_	CO2[1] + 2 ferredoxin (reduced) 2[4Fe-4S][1] + Phenylacetyl-CoA[1] <=> CoA[1] + 2 ferredoxin (oxidized) 2[4Fe-4S][1] + Phenylpyruvate[1]	Msm_0333:Msm_0332:Msm_0331;Msm_0392:Msm_0391	-1000	1000	0	NA	NA
iMsi385	r207	indolepyruvate_ferredoxin_oxidoreductase__hydroxyphenylpyvurate_	3-(4-Hydroxyphenyl)pyruvate[1] + CoA[1] + 2 ferredoxin (oxidized) 2[4Fe-4S][1] <=> CO2[1] + 2 ferredoxin (reduced) 2[4Fe-4S][1] + 4-Hydroxyphenylacetyl-CoA[1]	Msm_0392:Msm_0391	-1000	1000	0	NA	NA
iMsi385	r208	isopentenyl_diphosphate_isomerase__type3_	coenzyme ferredoxin 420-2 (oxidized)[1] + Isopentenyl diphosphate[1] + NADH[1] => Dimethylallyl diphosphate[1] + coenzyme ferredoxin 420-2 (reduced)[1] + NAD+[1]	Msm_1441	0	1000	0	NA	NA
iMsi385	r209	isopentenyl_diphosphate_isomerase__type3_	coenzyme ferredoxin 420-2 (oxidized)[1] + Isopentenyl diphosphate[1] + NADPH[1] => Dimethylallyl diphosphate[1] + coenzyme ferredoxin 420-2 (reduced)[1] + NADP+[1]	Msm_1441	0	1000	0	NA	NA
iMsi385	r210	3_isopropylmalate_dehydrogenase	3-Carboxy-2-hydroxy-4-methylpentanoate[1] + NAD+[1] => 3-Carboxy-4-methyl-2-oxopentanoate[1] + NADH[1]	Msm_0373	0	1000	0	NA	NA
iMsi385	r211	Spontaneous Rxn	4-Methyl-2-oxopentanoate[1] + CO2[1] <=> 3-Carboxy-4-methyl-2-oxopentanoate[1]	NA	-1000	1000	0	NA	Valine, leucine and isoleucine biosynthesis
iMsi385	r212	2_isopropylmalate_hydratase	2-Isopropylmaleate[1] + H2O[1] <=> 3-Carboxy-3-hydroxy-4-methylpentanoate[1]	Msm_1300:Msm_1299;Msm_0847	-1000	1000	0	NA	NA
iMsi385	r213	3-Isopropylmalate hydro-lyase	3-Carboxy-2-hydroxy-4-methylpentanoate[1] <=> 2-Isopropylmaleate[1] + H2O[1]	NA	-1000	1000	0	NA	Valine, leucine and isoleucine biosynthesis
iMsi385	r214	2_isopropylmalate_synthase	3-Methyl-2-oxobutanoate[1] + Acetyl-CoA[1] + H2O[1] => 3-Carboxy-3-hydroxy-4-methylpentanoate[1] + CoA[1]	Msm_0722;Msm_0350;Msm_1246	0	1000	0	NA	NA
iMsi385	r215	ketol_acid_reductoisomerase__2_3_dihydroxy_3_methylbutanoate_	(S)-2-Acetolactate[1] + NADPH[1] <=> (R)-2,3-Dihydroxy-3-methylbutanoate[1] + NADP+[1]	Msm_1222	-1000	1000	0	NA	NA
iMsi385	r216	ketol_acid_reductoisomerase__2_Acetolactate_	(S)-2-Aceto-2-hydroxybutanoate[1] + NADPH[1] <=> (R)-2,3-Dihydroxy-3-methylpentanoate[1] + NADP+[1]	Msm_1222	-1000	1000	0	NA	NA
iMsi385	r218	leucine_transaminase	2-Oxoglutarate[1] + L-Leucine[1] <=> 4-Methyl-2-oxopentanoate[1] + L-Glutamate[1]	Msm_1202	-1000	1000	0	NA	NA
iMsi385	r219	Leucyl_tRNA_synthetase	ATP[1] + L-Leucine[1] + tRNA(Leu)[1] => AMP[1] + L-Leucyl-tRNA(Leu)[1] + Diphosphate[1]	Msm_1172	0	1000	0	NA	NA
iMsi385	r220	LPPG_Fo_2_phospho_L_lactate_transferase	7,8-didemethyl-8-hydroxy-5-deazariboflavin[1] + lactyl-(2)-diphospho-(5')-guanosine[1] => coenzyme ferredoxin 420-0[1] + GMP[1]	Msm_0974	0	1000	0	NA	NA
iMsi385	r221	LPPG_synthetase	2-phospho-L-lactate[1] + GTP[1] => lactyl-(2)-diphospho-(5')-guanosine[1] + Diphosphate[1]	Msm_1005	0	1000	0	NA	NA
iMsi385	r222	Lysyl_tRNA_synthetase	ATP[1] + L-Lysine[1] + tRNA(Lys)[1] => AMP[1] + L-Lysine-tRNA (Lys)[1] + Diphosphate[1]	Msm_1236;Msm_1387	0	1000	0	NA	NA
iMsi385	r223	mannose_1_phosphate_guanylyltransferase__GDP__reversible	GDP[1] + D-Mannose 1-phosphate[1] <=> GDP-D-mannose[1] + Phosphate[1]	Msm_0655	-1000	1000	0	NA	NA
iMsi385	r224	Methanol__coenzyme_M_methyltransferase	coenzyme m[1] + Methanol[1] => H2O[1] + methylcoenzyme m[1]	Msm_0515:Msm_0516;Msm_0518	0	1000	0	NA	NA
iMsi385	r225	Methyl_coenzyme_M_reductase	coenzyme b[1] + methylcoenzyme m[1] => Methane[1] + heterodisulfide[1]	Msm_1015:Msm_0905:Msm_1016	0	1000	0	NA	NA
iMsi385	r226	malate_dehydrogenase	NADH[1] + Oxaloacetate[1] <=> L-Malate[1] + NAD+[1]	Msm_0166	-1000	1000	0	NA	Citrate cycle (TCA cycle)
iMsi385	r227	methionine_adenosyltransferase	ATP[1] + H2O[1] + L-Methionine[1] => S-Adenosyl-L-methionine[1] + Phosphate[1] + Diphosphate[1]	Msm_1340	0	1000	0	NA	NA
iMsi385	r228	methionine_g_lyase	H2O[1] + L-Methionine[1] => 2-Oxobutanoate[1] + Methanethiol[1] + Ammonium[1]	Msm_0265	0	1000	0	NA	NA
iMsi385	r229	Methionyl_tRNA_synthetase	ATP[1] + L-Methionine[1] + tRNA(Met)[1] => AMP[1] + L-Methionyl-tRNA (Met)[1] + Diphosphate[1]	Msm_0071	0	1000	0	NA	NA
iMsi385	r230	mevalonate_kinase__atp_	ATP[1] + (R)-Mevalonate[1] => (R)-5-Phosphomevalonate[1] + ADP[1]	Msm_1439	0	1000	0	NA	NA
iMsi385	r231	magnesium_transport_via_ABC_system	ATP[1] + H2O[1] => ADP[1] + Phosphate[1]	Msm_0895	0	0	0	NA	NA
iMsi385	r233	myo_Inositol_1_phosphate_synthase	D-Glucose 6-phosphate[1] => 1D-myo-Inositol 1-phosphate[1]	Msm_0940	0	1000	0	NA	NA
iMsi385	r234	Mg_protoporphyrin_IX_magnesium_lyase	ADP[1] + Magnesium protoporphyrin[1] + Phosphate[1] <=> ATP[1] + H2O[1] + Protoporphyrin[1]	Msm_1715	-1000	1000	0	NA	NA
iMsi385	r235	5__methylthioadenosine_phosphorylase	5-Methylthioadenosine[1] + Phosphate[1] => 5-Methylthio-5-deoxy-D-ribose 1-phosphate[1] + Adenine[1]	Msm_0665	0	1000	0	NA	NA
iMsi385	r236	Methylthiol__coenzyme_M_methyltransferase	coenzyme m[1] + Dimethyl sulfide[1] => Methanethiol[1] + methylcoenzyme m[1]	Msm_0518:Msm_0516	0	1000	0	NA	NA
iMsi385	r237	Methenyl_H4SPt_cyclohydrolase	H2O[1] + methenyl-tetrahydrosarcinapterin[1] <=> formyltetrahydrosarcinapterin[1]	Msm_1723	-1000	1000	0	NA	NA
iMsi385	r238	Methyl_H4SPT__coenzyme_M_methyltransferase	coenzyme m[1] + N5-methyl-tetrahydrosarcinapterin[1] + 1.7 Sodium[1] <=> tetrahydrosarcinapterin[1] + methylcoenzyme m[1] + 1.7 Sodium[1]	Msm_1010:Msm_1012:Msm_1013:Msm_1014:Msm_1007	-1000	1000	0	NA	NA
iMsi385	r238a	Sodium/Proton transfer	Sodium[1] + 2 Proton[1] => Sodium[1] + 2 Proton[1]	NA	0	1000	0	NA	NA
iMsi385	r238b	H+-transporting two-sector ATPase;	ADP[1] + Phosphate[1] + 2 Proton[1] => ATP[1] + H2O[1] + 2 Proton[1]	NA	0	1000	0	NA	NA
iMsi385	r239	NAD_kinase	ATP[1] + NAD+[1] => ADP[1] + NADP+[1]	Msm_0879	0	1000	0	NA	NA
iMsi385	r240	NAD_synthase__nh3_	ATP[1] + Deamino-NAD+[1] + Ammonium[1] => AMP[1] + NAD+[1] + Diphosphate[1]	Msm_1171	0	1000	0	NA	NA
iMsi385	r241	NAD_synthase__glutamine_hydrolysing_	ATP[1] + Deamino-NAD+[1] + L-Glutamine[1] + H2O[1] => AMP[1] + L-Glutamate[1] + NAD+[1] + Diphosphate[1]	Msm_1171	0	1000	0	NA	NA
iMsi385	r242	Na_/K__exchanging_ATPase	ATP[1] + H2O[1] + Sodium[1] => ADP[1] + Sodium[1] + Phosphate[1]	Msm_0895	0	1000	0	NA	NA
iMsi385	r243	nucleoside_diphosphate_kinase__ATP_GDP_	ADP[1] + GTP[1] <=> ATP[1] + GDP[1]	Msm_0203	-1000	1000	0	NA	NA
iMsi385	r244	nucleoside_diphosphate_kinase__ATP_UDP_	ADP[1] + UTP[1] <=> ATP[1] + UDP[1]	Msm_0203	-1000	1000	0	NA	NA
iMsi385	r245	nucleoside_diphosphate_kinase__ATP_CDP_	ADP[1] + CTP[1] <=> ATP[1] + CDP[1]	Msm_0203	-1000	1000	0	NA	NA
iMsi385	r246	nucleoside_diphosphate_kinase__ATP_dTDP_	ADP[1] + dTTP[1] <=> ATP[1] + dTDP[1]	Msm_0203	-1000	1000	0	NA	NA
iMsi385	r247	nucleoside_diphosphate_kinase__ATP_dGDP_	ADP[1] + dGTP[1] <=> ATP[1] + dGDP[1]	Msm_0203	-1000	1000	0	NA	NA
iMsi385	r248	nucleoside_diphosphate_kinase__ATP_dUDP_	ADP[1] + dUTP[1] <=> ATP[1] + dUDP[1]	Msm_0203	-1000	1000	0	NA	NA
iMsi385	r249	nucleoside_diphosphate_kinase__ATP_dCDP_	ADP[1] + dCTP[1] <=> ATP[1] + dCDP[1]	Msm_0203	-1000	1000	0	NA	NA
iMsi385	r250	nucleoside_diphosphate_kinase__ATP_dADP_	ADP[1] + dATP[1] <=> ATP[1] + dADP[1]	Msm_0203	0	0	0	NA	NA
iMsi385	r251	nucleoside_diphosphate_kinase__ATP_IDP_	ADP[1] + ITP[1] <=> ATP[1] + IDP[1]	Msm_0203	-1000	1000	0	NA	NA
iMsi385	r252	ammonia_reversible_transport	Ammonium[1] <=> Ammonium[1]	Msm_0234	-1000	1000	0	NA	NA
iMsi385	r253	nicotinamide_nucleotide_adenylyltransferase	ATP[1] + NMN[1] => NAD+[1] + Diphosphate[1]	Msm_0129	0	1000	0	NA	NA
iMsi385	r254	Nicotinate_nucleotide_5_hydroxybenzimidazole_phosphoribosyltransferase	5-hydroxybenzimidazole[1] + Nicotinate D-ribonucleotide[1] => N1-(5-Phospho-alpha-D-ribosyl)-5-hydroxybenzimidazole[1] + Nicotinate[1]	Msm_1200	0	1000	0	NA	NA
iMsi385	r255	nicotinate_nucleotide_adenylyltransferase	ATP[1] + Nicotinate D-ribonucleotide[1] => Deamino-NAD+[1] + Diphosphate[1]	Msm_0129	0	1000	0	NA	NA
iMsi385	r257	nucleoside_triphosphatase__dATP_	dATP[1] + H2O[1] => dADP[1] + Phosphate[1]	Msm_1195	0	1000	0	NA	NA
iMsi385	r258	nucleoside_triphosphatase__GTP_	GTP[1] + H2O[1] => GDP[1] + Phosphate[1]	Msm_1195	0	1000	0	NA	NA
iMsi385	r259	nucleoside_triphosphatase__dGTP_	dGTP[1] + H2O[1] => dGDP[1] + Phosphate[1]	Msm_1195	0	1000	0	NA	NA
iMsi385	r260	nucleoside_triphosphatase__CTP_	CTP[1] + H2O[1] => CDP[1] + Phosphate[1]	Msm_1195	0	1000	0	NA	NA
iMsi385	r261	nucleoside_triphosphatase__dCTP_	dCTP[1] + H2O[1] => dCDP[1] + Phosphate[1]	Msm_1195	0	1000	0	NA	NA
iMsi385	r262	nucleoside_triphosphatase__UTP_	H2O[1] + UTP[1] => Phosphate[1] + UDP[1]	Msm_1195	0	1000	0	NA	NA
iMsi385	r263	nucleoside_triphosphatase__dUTP_	dUTP[1] + H2O[1] => dUDP[1] + Phosphate[1]	Msm_1195	0	1000	0	NA	NA
iMsi385	r264	nucleoside_triphosphatase__dTTP_	dTTP[1] + H2O[1] => dTDP[1] + Phosphate[1]	Msm_1195	0	1000	0	NA	NA
iMsi385	r265	ornithine_carbamoyltransferase	Carbamoyl phosphate[1] + Ornithine[1] <=> L-Citrulline[1] + Phosphate[1]	Msm_1226	-1000	1000	0	NA	NA
iMsi385	r266	orotidine_5__phosphate_decarboxylase	Orotidine 5'-phosphate[1] => CO2[1] + UMP[1]	Msm_1617	0	1000	0	NA	NA
iMsi385	r267	2_oxoglutarate_synthase__reversible_	2-Oxoglutarate[1] + CoA[1] + 2 ferredoxin (oxidized) 2[4Fe-4S][1] <=> CO2[1] + 2 ferredoxin (reduced) 2[4Fe-4S][1] + Succinyl-CoA[1]	Msm_0926	-1000	1000	0	NA	Citrate cycle (TCA cycle)
iMsi385	r268	ornithine_cyclodeaminase	Ornithine[1] => Ammonium[1] + L-Proline[1]	Msm_1517	0	1000	0	NA	NA
iMsi385	r269	ornithine_transacetylase	N2-Acetyl-L-ornithine[1] + L-Glutamate[1] <=> N-Acetyl-L-glutamate[1] + Ornithine[1]	Msm_0379	-1000	1000	0	NA	NA
iMsi385	r270	orotate_phosphoribosyltransferase	Orotate[1] + 5-Phospho-alpha-D-ribose 1-diphosphate[1] <=> Orotidine 5'-phosphate[1] + Diphosphate[1]	Msm_0883;Msm_0821	-1000	1000	0	NA	NA
iMsi385	r271	phenylacetate_CoA_ligase	ATP[1] + CoA[1] + Phenylacetic acid[1] => AMP[1] + Phenylacetyl-CoA[1] + Diphosphate[1]	Msm_0387	0	1000	0	NA	NA
iMsi385	r272	phenylacetate_CoA_ligase__hydroxyphenylacetate_	4-Hydroxyphenylacetate[1] + ATP[1] + CoA[1] => AMP[1] + 4-Hydroxyphenylacetyl-CoA[1] + Diphosphate[1]	Msm_0387	0	1000	0	NA	NA
iMsi385	r273	phenylacetate_CoA_ligase__indoleacetate_	ATP[1] + CoA[1] + Indole-3-acetate[1] => AMP[1] + S-2-(indol-3-yl)acetyl-CoA[1] + Diphosphate[1]	Msm_0387	0	1000	0	NA	NA
iMsi385	r274	pantothenate_synthase	beta-Alanine[1] + ATP[1] + (R)-Pantoate[1] => AMP[1] + (R)-Pantothenate[1] + Diphosphate[1]	Msm_0140	0	1000	0	NA	NA
iMsi385	r275	pyruvate_carboxylase	ATP[1] + CO2[1] + H2O[1] + Pyruvate[1] => ADP[1] + Oxaloacetate[1] + Phosphate[1]	Msm_0765:Msm_0939	0	1000	0	NA	Pyruvate metabolism
iMsi385	r276	phosphoglucosamine_mutase	D-Glucosamine 1-phosphate[1] <=> D-Glucosamine 6-phosphate[1]	Msm_0648;Msm_0656	-1000	1000	0	NA	NA
iMsi385	r277	phosphoglycerate_dehydrogenase	3-Phospho-D-glycerate[1] + NAD+[1] => 3-Phosphohydroxypyruvate[1] + NADH[1]	Msm_0457	0	1000	0	NA	Glycine, serine and threonine metabolism
iMsi385	r278	3-Phosphoserine:2-oxoglutarate aminotransferase	2-Oxoglutarate[1] + O-Phospho-L-serine[1] <=> L-Glutamate[1] + 3-Phosphonooxypyruvate[1]	NA	-1000	1000	0	NA	Glycine, serine and threonine metabolism
iMsi385	R01513	3-Phospho-D-glycerate:NAD+ 2-oxidoreductase	3-Phospho-D-glycerate[1] + NAD+[1] <=> NADH[1] + 3-Phosphonooxypyruvate[1]	NA	-1000	1000	0	NA	NA
iMsi385	r279	phosphoglycerate_kinase	3-Phospho-D-glycerate[1] + ATP[1] <=> 3-Phospho-D-glyceroyl phosphate[1] + ADP[1]	Msm_0918	-1000	1000	0	NA	Glycolysis / Gluconeogenesis
iMsi385	r280	phenylalanine_transaminase	2-Oxoglutarate[1] + L-Phenylalanine[1] <=> L-Glutamate[1] + Phenylpyruvate[1]	Msm_0788	-1000	1000	0	NA	NA
iMsi385	r281	Phenylalanyl_tRNA_synthetase	ATP[1] + L-Phenylalanine[1] + tRNA(Phe)[1] => AMP[1] + L-Phenylalanyl-tRNA(Phe)[1] + Diphosphate[1]	Msm_1478:Msm_0277:Msm_0277	0	1000	0	NA	NA
iMsi385	r282	phosphate_transport_via_ABC_system	ATP[1] + H2O[1] + Phosphate[1] => ADP[1] + 2 Phosphate[1]	Msm_0566:Msm_0565:Msm_0567:Msm_0568	0	0	0	NA	NA
iMsi385	r283	phosphomannomutase	D-Mannose 1-phosphate[1] <=> D-Mannose 6-phosphate[1]	Msm_0648;Msm_0656;Msm_0648;Msm_0656	-1000	1000	0	NA	NA
iMsi385	r284	phosphomethylpyrimidine_kinase	4-Amino-2-methyl-5-phosphomethylpyrimidine[1] + ATP[1] => 2-Methyl-4-amino-5-hydroxymethylpyrimidine diphosphate[1] + ADP[1]	Msm_0289	0	1000	0	NA	NA
iMsi385	r285	pantothenate_kinase	ATP[1] + (R)-Pantothenate[1] => D-4'-Phosphopantothenate[1] + ADP[1]	Msm_0060	0	1000	0	NA	NA
iMsi385	r286	pyruvate_synthase	Acetyl-CoA[1] + CO2[1] + 2 ferredoxin (reduced) 2[4Fe-4S][1] <=> CoA[1] + 2 ferredoxin (oxidized) 2[4Fe-4S][1] + Pyruvate[1]	Msm_0559:Msm_0560:Msm_0558:Msm_0557	0	1000	0	NA	Pyruvate metabolism
iMsi385	r287	pyruvate_synthase	2-Oxobutanoate[1] + CoA[1] + 2 ferredoxin (oxidized) 2[4Fe-4S][1] <=> CO2[1] + 2 ferredoxin (reduced) 2[4Fe-4S][1] + Propanoyl-CoA[1]	Msm_0559:Msm_0560:Msm_0558:Msm_0557;Msm_0333:Msm_0332:Msm_0331	-1000	1000	0	NA	NA
iMsi385	r288	inorganic_diphosphatase	H2O[1] + Diphosphate[1] => 2 Phosphate[1]	Msm_0198;Msm_0198	0	1000	0	NA	NA
iMsi385	r289	porphobilinogen_synthase	2 5-Amino-4-oxopentanoate[1] => 2 H2O[1] + Porphobilinogen[1]	Msm_1476	0	1000	0	NA	NA
iMsi385	r290	phosphopantothenoylcysteine_decarboxylase	N-((R)-4-Phosphopantothenoyl)-L-cysteine[1] => CO2[1] + Pantetheine 4'-phosphate[1]	Msm_1049	0	1000	0	NA	NA
iMsi385	r291	polyphosphate_kinase	ATP[1] + Diphosphate[1] => ADP[1] + Inorganic triphosphate[1]	Msm_1424	0	1000	0	NA	NA
iMsi385	r292	phosphopantothenate_cysteine_ligase	D-4'-Phosphopantothenate[1] + CTP[1] + L-Cysteine[1] => N-((R)-4-Phosphopantothenoyl)-L-cysteine[1] + CMP[1] + Diphosphate[1]	Msm_1049	0	1000	0	NA	NA
iMsi385	r293	prephenate_dehydrogenase	NAD+[1] + Prephenate[1] => 3-(4-Hydroxyphenyl)pyruvate[1] + CO2[1] + NADH[1]	Msm_0641	0	1000	0	NA	NA
iMsi385	r294	prephenate_dehydratase	Prephenate[1] => CO2[1] + H2O[1] + Phenylpyruvate[1]	Msm_1052	0	1000	0	NA	NA
iMsi385	r295	phosphoenolpyruvate_synthase	ATP[1] + H2O[1] + Pyruvate[1] <=> AMP[1] + Phosphoenolpyruvate[1] + Phosphate[1]	Msm_0988;Msm_0988;Msm_0988	0	1000	0	NA	Pyruvate metabolism
iMsi385	r295a	pyruvate kinase	ADP[1] + Phosphoenolpyruvate[1] => ATP[1] + Pyruvate[1]	NA	0	1000	0	NA	Glycolysis / Gluconeogenesis
iMsi385	r296	phosphoribosylglycinamide_synthase	ATP[1] + Glycine[1] + 5-Phospho-beta-D-ribosylamine[1] <=> ADP[1] + N1-(5-Phospho-D-ribosyl)glycinamide[1] + Phosphate[1]	Msm_1227	-1000	1000	0	NA	NA
iMsi385	r297	phosphoribosylaminoimidazole_synthase	ATP[1] + 2-(Formamido)-N1-(5-phospho-D-ribosyl)acetamidine[1] => ADP[1] + 5-amino-1-(5-phospho-D-ribosyl)imidazole[1] + Phosphate[1]	Msm_1039	0	1000	0	NA	NA
iMsi385	r298	phosphoribosyl_AMP_cyclohydrolase	H2O[1] + 1-(5-Phosphoribosyl)-AMP[1] => 1-(5-Phosphoribosyl)-5-[(5-phosphoribosylamino)methylideneamino]imidazole-4-carboxamide[1]	Msm_1182	0	1000	0	NA	NA
iMsi385	R04035	Phosphoribosyl-ATP pyrophosphohydrolase	H2O[1] + 1-(5-Phospho-D-ribosyl)-ATP[1] <=> Diphosphate[1] + 1-(5-Phosphoribosyl)-AMP[1]	Msm_1103	-1000	1000	0	NA	NA
iMsi385	R01071	1-(5-phospho-D-ribosyl)-ATP:diphosphate phospho-alpha-D-ribosyl-transferase	Diphosphate[1] + 1-(5-Phospho-D-ribosyl)-ATP[1] <=> ATP[1] + 5-Phospho-alpha-D-ribose 1-diphosphate[1]	NA	-1000	1000	0	NA	NA
iMsi385	r299	phosphoribosylaminoimidazolesuccinocarboxamide_synthase	5-amino-1-(5-phospho-D-ribosyl)imidazole-4-carboxylate[1] + L-Aspartate[1] + ATP[1] <=> (S)-2-[5-Amino-1-(5-phospho-D-ribosyl)imidazole-4-carboxamido]succinate[1] + ADP[1] + Phosphate[1]	Msm_1547	-1000	1000	0	NA	NA
iMsi385	r300	phosphoribosylformylglycinamidine_synthase	ATP[1] + N2-Formyl-N1-(5-phospho-D-ribosyl)glycinamide[1] + L-Glutamine[1] + H2O[1] => ADP[1] + 2-(Formamido)-N1-(5-phospho-D-ribosyl)acetamidine[1] + L-Glutamate[1] + Phosphate[1]	Msm_1549;Msm_1342	0	1000	0	NA	NA
iMsi385	r301	1__5_phosphoribosyl__5_[_5_phosphoribosylamino_methylideneamino_imidazole_4_carboxamide_isomerase__irreversible_	1-(5-Phosphoribosyl)-5-[(5-phosphoribosylamino)methylideneamino]imidazole-4-carboxamide[1] => 5-[(5-phospho-1-deoxyribulos-1-ylamino)methylideneamino]-1-(5-phosphoribosyl)imidazole-4-carboxamide[1]	Msm_0858;Msm_1636	0	1000	0	NA	NA
iMsi385	r302	L_proline_transport_via_ABC_system	ATP[1] + H2O[1] + L-Proline[1] => ADP[1] + Phosphate[1] + L-Proline[1]	Msm_0290;Msm_1611;Msm_0857	0	1000	0	NA	NA
iMsi385	r303	L_proline_transport_in_via_proton_symport	L-Proline[1] => L-Proline[1]	Msm_0386	0	1000	0	NA	NA
iMsi385	r304	Prolyl_tRNA_synthetase	ATP[1] + L-Proline[1] + tRNA(Pro)[1] => AMP[1] + Diphosphate[1] + L-Prolyl-tRNA(Pro)[1]	Msm_0287	0	1000	0	NA	NA
iMsi385	r305	phosphoribosylpyrophosphate_synthetase	AMP[1] + 5-Phospho-alpha-D-ribose 1-diphosphate[1] <=> ATP[1] + alpha-D-Ribose 5-phosphate[1]	Msm_1577	-1000	1000	0	NA	NA
iMsi385	r306	3_phosphoshikimate_1_carboxyvinyltransferase	5-O-(1-Carboxyvinyl)-3-phosphoshikimate[1] + Phosphate[1] <=> Phosphoenolpyruvate[1] + Shikimate 5-phosphate[1]	Msm_0273	-1000	1000	0	NA	NA
iMsi385	r307	2_phosphosulfolactate_phosphatase	H2O[1] + L-sulfolactyl phosphate[1] => Phosphate[1] + L-sulfolactate[1]	Msm_1284	0	1000	0	NA	NA
iMsi385	r308	(2R)-O-phospho-3-sulfolactate sulfo-lyase	Phosphoenolpyruvate[1] + Sulfite[1] => L-sulfolactyl phosphate[1]	Msm_0086	0	1000	0	NA	Methane metabolism
iMsi385	r309	phosphoserine_phosphatase__L_serine_	H2O[1] + O-Phospho-L-serine[1] => Phosphate[1] + L-Serine[1]	Msm_0719	0	1000	0	NA	NA
iMsi385	r310	pantetheine_phosphate_adenylyltransferase	ATP[1] + Pantetheine 4'-phosphate[1] => Dephospho-CoA[1] + Diphosphate[1]	Msm_0785	0	1000	0	NA	NA
iMsi385	r311	quinolinate_synthase	Dihydroxyacetone phosphate[1] + Iminoaspartate[1] => 2 H2O[1] + Phosphate[1] + Quinolinate[1]	Msm_0494	0	1000	0	NA	NA
iMsi385	r312	TP_phosphohydrolase__protein_secreting_	ATP[1] + H2O[1] => ADP[1] + Phosphate[1]	Msm_0805:Msm_1195	0	1000	0	NA	NA
iMsi385	r313	denosine_3__5__phosphate_5__nucleotidohydrolase	AMP[1] <=> cAMP[1] + H2O[1]	Msm_0383	0	0	0	NA	NA
iMsi385	r314	Pyruvaldehyde_NAD__oxidoreductase;	Methylglyoxal[1] + H2O[1] + NAD+[1] <=> NADH[1] + Pyruvate[1]	Msm_1392	-1000	1000	0	NA	NA
iMsi385	r315	L_serine_ammonia_lyase	2-Hydroxyethylenedicarboxylate[1] <=> CO2[1] + Pyruvate[1]	Msm_1286	-1000	1000	0	NA	NA
iMsi385	r316	_R__2_Hydroxy_acid__acceptor__2_oxidoreductase	NADH[1] + Pyruvate[1] <=> (R)-Lactate[1] + NAD+[1]	Msm_0371;Msm_1557;Msm_0633	-1000	1000	0	NA	NA
iMsi385	r317	_Deoxyribonucleotide_n__Deoxyribonucleotide_m_ligase__AMP_forming_	C00039[1] + AMP[1] + m[1] + Diphosphate[1] <=> C00039_m[1] + C00039_n[1] + ATP[1]	Msm_0645	-1000	1000	0	NA	NA
iMsi385	r318	Long_chain_carboxylate_CoA_ligase__AMP_forming_	Acyl-CoA[1] + AMP[1] + Diphosphate[1] <=> Long-chain carboxylate[1] + ATP[1] + CoA[1]	Msm_0025	-1000	1000	0	NA	NA
iMsi385	r319	N_succinyl_L_glutamate_amidohydrolase	N-Succinyl-L-glutamate[1] + H2O[1] <=> L-Glutamate[1] + Succinate[1]	Msm_0827	-1000	1000	0	NA	NA
iMsi385	r320	GTP_7_8_8_9_dihydrolase	2-Amino-4-hydroxy-6-(erythro-1,2,3-trihydroxypropyl)dihydropteridine triphosphate[1] + Formate[1] <=> GTP[1] + H2O[1]	Msm_1033	-1000	1000	0	NA	NA
iMsi385	r322	UTP_alpha_D_hexose_1_phosphate_uridylyltransferase	H2O[1] + 2 NAD+[1] + UDPgalactose[1] <=> UDP-D-galacturonate[1] + 2 NADH[1]	Msm_1731	-1000	1000	0	NA	NA
iMsi385	r323	S_Adenosyl_L_methionine_tRNA__guanine_N2___methyltransferase	tRNA containing N2-methylguanine[1] + S-Adenosyl-L-homocysteine[1] <=> S-Adenosyl-L-methionine[1] + tRNA guanine[1]	Msm_1031	-1000	1000	0	NA	NA
iMsi385	r324	GDPmannose_dolichyl_phosphate_O_beta_D_mannosyltransferase	Dolichyl phosphate[1] + GDP-D-mannose[1] <=> Dolichyl phosphate D-mannose[1] + GDP[1]	Msm_1623;Msm_1290	-1000	1000	0	NA	NA
iMsi385	r325	TP_glycerone_phosphotransferase	ADP[1] + Dihydroxyacetone phosphate[1] <=> ATP[1] + Dihydroxyacetone[1]	Msm_0153	-1000	1000	0	NA	NA
iMsi385	r326	DP_ribose_ribophosphohydrolase	ADP-ribose[1] + H2O[1] <=> AMP[1] + alpha-D-Ribose 5-phosphate[1]	Msm_1355	-1000	1000	0	NA	NA
iMsi385	r327	CTP_N_acetylneuraminate_cytidylyltransferase	CMP-N-acetylneuraminate[1] + Diphosphate[1] <=> N-Acetylneuraminate[1] + CTP[1]	Msm_0944	-1000	1000	0	NA	NA
iMsi385	r328	IMP_NAD__oxidoreductase	H2O[1] + IMP[1] + NAD+[1] <=> NADH[1] + Xanthosine 5'-phosphate[1]	Msm_1614:Msm_1102	-1000	1000	0	NA	NA
iMsi385	r329	S_adenosyl_L_methionine_L_histidine_N_methyltransferase	S-Adenosyl-L-methionine[1] + L-Histidine[1] <=> N(pi)-Methyl-L-histidine[1] + S-Adenosyl-L-homocysteine[1]	Msm_0764;Msm_0508	-1000	1000	0	NA	NA
iMsi385	r330	O4_succinyl_L_homoserine_hydrogen_sulfide	L-Homocysteine[1] + Succinate[1] <=> Sulfide[1] + O-Succinyl-L-homoserine[1]	Msm_0941	-1000	1000	0	NA	NA
iMsi385	r331	3_Dehydroshikimate_hydro_lyase	3,4-Dihydroxybenzoate[1] + H2O[1] <=> 3-Dehydroshikimate[1]	Msm_1156;Msm_0810	-1000	1000	0	NA	NA
iMsi385	r332	4_hydroxy_2_oxo_heptandioate_succinate_semialdehyde_lyase	2-oxoheptanedioic acid[1] <=> Pyruvate[1] + Succinic semialdehyde[1]	Msm_1213	-1000	1000	0	NA	NA
iMsi385	r333	D_Gluconate_NAD__5_oxidoreductase	5-Dehydro-D-gluconate[1] + NADH[1] <=> D-Gluconate[1] + NAD+[1]	Msm_0021	-1000	1000	0	NA	NA
iMsi385	r334	phosphoenolpyruvate_N_acetyl_D_mannosamine	N-Acetyl-D-mannosamine[1] + H2O[1] + Phosphoenolpyruvate[1] <=> N-Acetylneuraminate[1] + Phosphate[1]	Msm_1539	-1000	1000	0	NA	NA
iMsi385	r335	L_lyxose_aldose_ketose_isomerase	L-Lyxose[1] <=> L-Xylulose[1]	Msm_0804	-1000	1000	0	NA	NA
iMsi385	r336	UDP_N_acetylmuramoyl_L_alanine_D_glutamate_ligase_ADP_forming_	UDP-N-acetylmuramoyl-L-alanyl-D-glutamate[1] + ADP[1] + Phosphate[1] <=> D-Glutamate[1] + UDP-N-acetylmuramoyl-L-alanine[1] + ATP[1]	Msm_0880	-1000	1000	0	NA	NA
iMsi385	r337	Formylmethanofuran__acceptor__oxidoreductase	methanofuran_b[1] + Formate[1] <=> formylmethanofuran_b[1] + H2O[1]	Msm_1411	-1000	1000	0	NA	NA
iMsi385	r338	cetyl_CoA_chloramphenicol_O3_acetyltransferase	Chloramphenicol[1] + Acetyl-CoA[1] <=> Chloramphenicol 3-acetate[1] + CoA[1]	Msm_0047	-1000	1000	0	NA	NA
iMsi385	r339	DP_D_ribosyl_[dinitrogen_reductase]_ADPribosylhydrolase	ADP-D-ribose[1] + [Dinitrogen reductase][1] <=> ADP-D-ribosyl-[dinitrogen reductase][1] + H2O[1]	Msm_1572	-1000	1000	0	NA	NA
iMsi385	r340	_R__2_Methylmalate_hydro_lyase	2-Methylmaleate[1] + H2O[1] <=> (R)-2-Methylmalate[1]	Msm_1131	-1000	1000	0	NA	Valine, leucine and isoleucine biosynthesis
iMsi385	r341	3-isopropylmalate	2-Methylmaleate[1] + H2O[1] <=> D-erythro-3-Methylmalate[1]	NA	-1000	1000	0	NA	Valine, leucine and isoleucine biosynthesis
iMsi385	r342	(2R,3S)-3-methylmalate:NAD+ oxidoreductase	2-Oxobutanoate[1] + CO2[1] + NADH[1] <=> NAD+[1] + D-erythro-3-Methylmalate[1]	Msm_0373:Msm_1298	-1000	1000	0	NA	Valine, leucine and isoleucine biosynthesis
iMsi385	r343	D-citramalate synthase	Acetyl-CoA[1] + H2O[1] + Pyruvate[1] => (R)-2-Methylmalate[1] + CoA[1]	Msm_0350	0	1000	0	NA	Valine, leucine and isoleucine biosynthesis
iMsi385	r344	minoacyl_tRNA_aminoacylhydrolase	N-Substituted aminoacyl-tRNA[1] + H2O[1] <=> N-Substituted amino acid[1] + tRNA[1]	Msm_0605	-1000	1000	0	NA	NA
iMsi385	r345	Peptidylproline_cis_trans_isomerase	Peptidylproline_omega_0[1] <=> Peptidylproline_omega_180[1]	Msm_1367;Msm_0930	-1000	1000	0	NA	NA
iMsi385	r346	DNA_6_O_methylguanine_protein_L_cysteine_S_methyltransferase	Protein L-cysteine[1] + DNA containing 6-O-methylguanine[1] <=> Protein S-methyl-L-cysteine[1] + DNA containing guanine[1]	Msm_1185	-1000	1000	0	NA	NA
iMsi385	r347	5_Methyl_5_6_7_8_tetrahydromethanopterin_2_mercaptoethanesulfonate	5,6,7,8-tetrahydromethanopterin[1] + methylcoenzyme m[1] <=> 5-Methyl-5,6,7,8-tetrahydromethanopterin[1] + coenzyme m[1]	Msm_0095	-1000	1000	0	NA	NA
iMsi385	r348	5__Phosphoribosylformylglycinamide_L_glutamine_amido_ligase	ADP[1] + 2-(Formamido)-N1-(5-phospho-D-ribosyl)acetamidine[1] + L-Glutamate[1] + Phosphate[1] <=> ATP[1] + N2-Formyl-N1-(5-phospho-D-ribosyl)glycinamide[1] + L-Glutamine[1] + H2O[1]	Msm_1548	-1000	1000	0	NA	NA
iMsi385	r349	UDP_2_3_bis_3_hydroxytetradecanoyl_glucosamine_diphosphatase	2,3-Bis(3-hydroxytetradecanoyl)-beta-D-glucosaminyl 1-phosphate[1] + UMP[1] <=> UDP-2,3-bis(3-hydroxytetradecanoyl)glucosamine[1] + H2O[1]	Msm_0691;Msm_1369	-1000	1000	0	NA	NA
iMsi385	r350	Spermidine_eIF5A_lysine_4_aminobutyltransferase	1,3-Diaminopropane[1] + [eIF5A-precursor]-deoxyhypusine[1] <=> Spermidine[1] + [eIF5A-precursor]-lysine[1]	Msm_1615	-1000	1000	0	NA	NA
iMsi385	r351	reduced_riboflavin_NADP__oxidoreductase	NADPH[1] + Riboflavin[1] <=> Reduced riboflavin[1] + NADP+[1]	Msm_1209	-1000	1000	0	NA	NA
iMsi385	r352	5_formaminoimidazole_4_carboxamide_1_beta_D_ribofuranosyl	5-Amino-1-(5-Phospho-D-ribosyl)imidazole-4-carboxamide[1] + ATP[1] + Formate[1] => ADP[1] + 5-Formamido-1-(5-phospho-D-ribosyl)imidazole-4-carboxamide[1] + Phosphate[1]	Msm_0506	0	1000	0	NA	NA
iMsi385	r353	IMP 1,2-hydrolase (decyclizing)	H2O[1] + IMP[1] <=> 5-Formamido-1-(5-phospho-D-ribosyl)imidazole-4-carboxamide[1]	Msm_0976	-1000	1000	0	NA	Purine metabolism
iMsi385	r354	TP_tRNA_adenylyltransferase	ATP[1] <=> Diphosphate[1]	Msm_0053	-1000	1000	0	NA	NA
iMsi385	r355	tRNA_phosphate_nucleotidyltransferase	NDP[1] <=> Phosphate[1]	Msm_0241	-1000	1000	0	NA	NA
iMsi385	r356	L_cysteine_[ThiI]_sulfurtransferase	[Enzyme]-S-sulfanylcysteine[1] + L-Alanine[1] <=> [Enzyme]-cysteine[1] + L-Cysteine[1]	Msm_0264	-1000	1000	0	NA	NA
iMsi385	r357	malonyl_CoA_isoflavone_7_O_beta_D_glucoside_6_O_malonyltransferase	3-Hydroxyanthranilate[1] <=> o-Hydroxylaminobenzoate[1]	Msm_1361	-1000	1000	0	NA	NA
iMsi385	r358	riboflavin_synthase	4-(1-D-Ribitylamino)-5-aminouracil[1] + 3,4-dihydroxy-2-butanone 4-phosphate[1] => 6,7-Dimethyl-8-(1-D-ribityl)lumazine[1] + 2 H2O[1] + Phosphate[1]	Msm_1622:Msm_1296	0	1000	0	NA	NA
iMsi385	r359	riboflavin_synthase	2 6,7-Dimethyl-8-(1-D-ribityl)lumazine[1] => 4-(1-D-Ribitylamino)-5-aminouracil[1] + Riboflavin[1]	Msm_1622:Msm_1296	0	1000	0	NA	NA
iMsi385	r360	ribokinase	ATP[1] + D-Ribose[1] => ADP[1] + alpha-D-Ribose 5-phosphate[1]	Msm_1389	0	1000	0	NA	NA
iMsi385	r361	_R___homo_2citrate_dehydratase	cis-(homo)2aconitate[1] + H2O[1] <=> (R)-(homo)2citrate[1]	Msm_1300:Msm_1299;Msm_0847	-1000	1000	0	NA	NA
iMsi385	r362	_R___homo_3citrate_dehydratase	H2O[1] + cis-(homo)3aconitate[1] <=> (R)-(homo)3citrate[1]	Msm_1300;Msm_1299;Msm_0847	-1000	1000	0	NA	NA
iMsi385	r363	ribonucleoside_triphosphate_reductase__ATP_	ATP[1] + Reduced thioredoxin[1] => dATP[1] + H2O[1] + Oxidized thioredoxin[1]	Msm_1383	0	1000	0	NA	NA
iMsi385	r364	ribonucleoside_triphosphate_reductase__GTP_	GTP[1] + Reduced thioredoxin[1] => dGTP[1] + H2O[1] + Oxidized thioredoxin[1]	Msm_1383	0	1000	0	NA	NA
iMsi385	r365	ribonucleoside_triphosphate_reductase__CTP_	CTP[1] + Reduced thioredoxin[1] => dCTP[1] + H2O[1] + Oxidized thioredoxin[1]	Msm_1383	0	1000	0	NA	NA
iMsi385	r366	ribonucleoside_triphosphate_reductase__UTP_	Reduced thioredoxin[1] + UTP[1] => dUTP[1] + H2O[1] + Oxidized thioredoxin[1]	Msm_1383	0	1000	0	NA	NA
iMsi385	r367	ribose_5_phosphate_isomerase	D-Ribulose 5-phosphate[1] <=> alpha-D-Ribose 5-phosphate[1]	Msm_0284	-1000	1000	0	NA	Pentose phosphate pathway
iMsi385	r368	alpha_ribazole_5_phosphate_phosphatase	N1-(5-Phospho-alpha-D-ribosyl)-5-hydroxybenzimidazole[1] + H2O[1] => Phosphate[1] + N1-(alpha-D-ribosyl)-5-hydroxybenzimidazole[1]	Msm_0934	0	1000	0	NA	NA
iMsi385	r369	serine_O_acetyltransferase	Acetyl-CoA[1] + L-Serine[1] <=> O-Acetyl-L-serine[1] + CoA[1]	Msm_0270	-1000	1000	0	NA	NA
iMsi385	r370	Seryl_tRNA_synthetase	ATP[1] + L-Serine[1] + tRNA(Ser)[1] => AMP[1] + Diphosphate[1] + L-Seryl-tRNA(Ser)[1]	Msm_1710	0	1000	0	NA	NA
iMsi385	r371	sirohydrochlorin_cobaltochelatase	dihydrosirohydrochlorin[1] => cobalt-precorrin 2[1]	Msm_1280;Msm_1280	0	1000	0	NA	NA
iMsi385	r372	sirohydrochlorin_dehydrogenase__NAD_	dihydrosirohydrochlorin[1] + NAD+[1] => NADH[1] + sirohydrochlorin[1]	Msm_1550:Msm_0968	0	1000	0	NA	NA
iMsi385	r373	sirohydrochlorin_ferrochetalase	sirohydrochlorin[1] => Siroheme[1]	Msm_1550:Msm_0968	0	1000	0	NA	NA
iMsi385	r374	shikimate_dehydrogenase	3-Dehydroshikimate[1] + NADPH[1] <=> NADP+[1] + Shikimate[1]	Msm_1179	-1000	1000	0	NA	NA
iMsi385	r375	shikimate_kinase	ATP[1] + Shikimate[1] => ADP[1] + Shikimate 5-phosphate[1]	Msm_0835	0	1000	0	NA	NA
iMsi385	r376	L_sulfolactate_dehydrogenase__NAD__	3-Sulfopyruvate[1] + NADH[1] <=> NAD+[1] + L-sulfolactate[1]	Msm_0166	-1000	1000	0	NA	NA
iMsi385	r377	sulfopyruvate_decarboxylase	3-Sulfopyruvate[1] => 2-sulfoacetaldehyde[1] + CO2[1]	Msm_0081	0	1000	0	NA	NA
iMsi385	r378	SRXN	2-sulfoacetaldehyde[1] <=> coenzyme m[1]	NA	-1000	1000	0	NA	NA
iMsi385	r379	succinate_semialdehyde_dehydrogenase__NAD_	H2O[1] + NAD+[1] + Succinic semialdehyde[1] => NADH[1] + Succinate[1]	Msm_0467	0	1000	0	NA	NA
iMsi385	r380	succinate_semialdehyde_dehydrogenase__NADP_	H2O[1] + NADP+[1] + Succinic semialdehyde[1] => NADPH[1] + Succinate[1]	Msm_0467	0	1000	0	NA	NA
iMsi385	r381	sulfate_transport_via_ABC_system	ATP[1] + H2O[1] + Sulfate[1] => ADP[1] + Phosphate[1] + Sulfate[1]	Msm_1609;Msm_1609;Msm_1610;Msm_0290;Msm_1611	0	0	0	NA	NA
iMsi385	r382	dTDP_4_dehydrorhamnose_3_5_epimerase	dTDP-4-dehydro-6-deoxy-D-glucose[1] => dTDP-4-dehydro-6-deoxy-L-mannose[1]	Msm_1308	0	1000	0	NA	NA
iMsi385	r383	dTDP_4_dehydrorhamnose_reductase	dTDP-4-dehydro-6-deoxy-L-mannose[1] + NADPH[1] => dTDP-L-rhamnose[1] + NADP+[1]	Msm_1304	0	1000	0	NA	NA
iMsi385	r384	dTDPglucose_4_6_dehydratase	dTDPglucose[1] => dTDP-4-dehydro-6-deoxy-D-glucose[1] + H2O[1]	Msm_1309;Msm_0327	0	1000	0	NA	NA
iMsi385	r385	Threonine_Aldolase	Acetaldehyde[1] + Glycine[1] <=> L-Threonine[1]	Msm_1337	-1000	1000	0	NA	NA
iMsi385	r386	threonine_phosphate_decarboxylase	L-Threonine O-3-phosphate[1] => D-1-Aminopropan-2-ol O-phosphate[1] + CO2[1]	Msm_0653	0	1000	0	NA	NA
iMsi385	r387	threonine_synthase	H2O[1] + O-Phospho-L-homoserine[1] => Phosphate[1] + L-Threonine[1]	Msm_0214	0	1000	0	NA	NA
iMsi385	r388	Threonyl_tRNA_synthetase	ATP[1] + L-Threonine[1] + tRNA(Thr)[1] => AMP[1] + Diphosphate[1] + L-Threonyl-tRNA(Thr)[1]	Msm_1214	0	1000	0	NA	NA
iMsi385	r389	thiazole_phosphate_synthesis	ATP[1] + L-Cysteine[1] + 1-deoxy-D-xylulose 5-phosphate[1] + L-Tyrosine[1] => 4-Hydroxy-benzyl alcohol[1] + 4-Methyl-5-(2-phosphoethyl)-thiazole[1] + L-Alanine[1] + AMP[1] + CO2[1] + H2O[1] + Diphosphate[1]	Msm_0729:Msm_0617	0	1000	0	NA	NA
iMsi385	r390	threo_iso_homo_2citrate_dehydrogenase	NAD+[1] + (-)threo-iso(homo)2citrate[1] => CO2[1] + NADH[1] + 2-oxoheptanedioic acid[1]	Msm_0373	0	1000	0	NA	NA
iMsi385	r391	threo_iso_homo_3citrate_dehydrogenase	NAD+[1] + (-)threo-iso(homo)3citrate[1] => 2-oxooctanedioic acid[1] + CO2[1] + NADH[1]	Msm_0373	0	1000	0	NA	NA
iMsi385	r392	threo_isohomocitrate_dehydrogenase	threo-isohomocitrate[1] + NAD+[1] => CO2[1] + NADH[1] + 2-oxohexanedioic acid[1]	Msm_0373	0	1000	0	NA	NA
iMsi385	R00939	5,6,7,8-tetrahydrofolate:NADP+ oxidoreductase	NADP+[1] + 5,6,7,8-Tetrahydrofolate[1] <=> 7,8-Dihydrofolate[1] + NADPH[1]	NA	-1000	1000	0	NA	NA
iMsi385	R00939b	5,6,7,8-tetrahydrofolate:NAD+ oxidoreductase	NAD+[1] + 5,6,7,8-Tetrahydrofolate[1] <=> 7,8-Dihydrofolate[1] + NADH[1]	NA	-1000	1000	0	NA	NA
iMsi385	r393	thymidylate_synthase	dUMP[1] + 5,10-Methylenetetrahydrofolate[1] => 7,8-Dihydrofolate[1] + dTMP[1]	Msm_1734	0	1000	0	NA	NA
iMsi385	r394	thiamine_phosphate_kinase	ADP[1] + Thiamine diphosphate[1] <=> ATP[1] + Thiamin monophosphate[1]	Msm_1283;Msm_0814	-1000	1000	0	NA	NA
iMsi385	r395	thiamine_phosphate_diphosphorylase	2-Methyl-4-amino-5-hydroxymethylpyrimidine diphosphate[1] + 4-Methyl-5-(2-phosphoethyl)-thiazole[1] => Diphosphate[1] + Thiamin monophosphate[1]	Msm_0917	0	1000	0	NA	NA
iMsi385	r396	triose_phosphate_isomerase	Dihydroxyacetone phosphate[1] <=> Glyceraldehyde 3-phosphate[1]	Msm_0919	-1000	1000	0	NA	Glycolysis / Gluconeogenesis
iMsi385	r397	thioredoxin_reductase__NADPH_	NADPH[1] + Oxidized thioredoxin[1] => NADP+[1] + Reduced thioredoxin[1]	Msm_0340	0	1000	0	NA	NA
iMsi385	r398	tryptophan_synthase__indoleglycerol_phosphate_	C'-(3-Indolyl)-glycerol 3-phosphate[1] + L-Serine[1] => Glyceraldehyde 3-phosphate[1] + H2O[1] + L-Tryptophan[1]	Msm_1141:Msm_1142;Msm_1242	0	1000	0	NA	NA
iMsi385	r399	tryptophan_synthase__indole_	Indole[1] + L-Serine[1] => H2O[1] + L-Tryptophan[1]	Msm_1142;Msm_1242	0	1000	0	NA	NA
iMsi385	r400	tryptophan_synthase__indoleglycerol_phosphate_	C'-(3-Indolyl)-glycerol 3-phosphate[1] => Glyceraldehyde 3-phosphate[1] + Indole[1]	Msm_1141	0	1000	0	NA	NA
iMsi385	r401	tryptophan_transaminase	2-Oxoglutarate[1] + L-Tryptophan[1] <=> L-Glutamate[1] + Indolepyruvate[1]	Msm_0788	-1000	1000	0	NA	NA
iMsi385	r402	Tryptophanyl_tRNA_synthetase	ATP[1] + tRNA(Trp)[1] + L-Tryptophan[1] => AMP[1] + Diphosphate[1] + L-Tryptophanyl-tRNA(Trp)[1]	Msm_0216	0	1000	0	NA	NA
iMsi385	r403	thiosulfate_transport_via_ABC_system	ATP[1] + H2O[1] + Thiosulfate[1] => ADP[1] + Phosphate[1] + Thiosulfate[1]	Msm_1609;Msm_1609;Msm_1610:Msm_0290;Msm_1611	0	1000	0	NA	NA
iMsi385	r404	tyrosine_transaminase	2-Oxoglutarate[1] + L-Tyrosine[1] <=> 3-(4-Hydroxyphenyl)pyruvate[1] + L-Glutamate[1]	Msm_0788	-1000	1000	0	NA	NA
iMsi385	r405	tyrosyl_tRNA_synthetase	ATP[1] + tRNA(Tyr)[1] + L-Tyrosine[1] => AMP[1] + Diphosphate[1] + L-Tyrosyl-tRNA(Tyr)[1]	Msm_0513	0	1000	0	NA	NA
iMsi385	r406	UDP_N_acetylglucosamine_diphosphorylase	N-Acetyl-D-glucosamine 1-phosphate[1] + UTP[1] => Diphosphate[1] + UDP-N-acetyl-D-glucosamine[1]	Msm_0655	0	1000	0	NA	NA
iMsi385	r407	UDPglucose_4_epimerase	UDPgalactose[1] <=> UDPglucose[1]	Msm_0327	-1000	1000	0	NA	NA
iMsi385	r408	UDPglucose_6_dehydrogenase	H2O[1] + 2 NAD+[1] + UDPglucose[1] <=> 2 NADH[1] + UDP-D-glucuronate[1]	Msm_1612	-1000	1000	0	NA	NA
iMsi385	r409	UMP_kinase	ADP[1] + UDP[1] <=> ATP[1] + UMP[1]	Msm_0734	-1000	1000	0	NA	NA
iMsi385	r410	uroporphyrinogen_methyltransferase	2 S-Adenosyl-L-methionine[1] + Uroporphyrinogen III[1] => 2 S-Adenosyl-L-homocysteine[1] + dihydrosirohydrochlorin[1]	Msm_1550:Msm_0968	0	1000	0	NA	NA
iMsi385	r411	uroporphyrinogen_III_synthase	Hydroxymethylbilane[1] => H2O[1] + Uroporphyrinogen III[1]	Msm_1504	0	1000	0	NA	NA
iMsi385	r412	uridylate_kinase__UMP_	ATP[1] + UMP[1] => ADP[1] + UDP[1]	Msm_0415	0	0	0	NA	NA
iMsi385	r413	uridylate_kinase__dUMP_	ADP[1] + dUDP[1] <=> ATP[1] + dUMP[1]	Msm_0415	-1000	1000	0	NA	NA
iMsi385	r414	valine_transaminase	2-Oxoglutarate[1] + L-Valine[1] <=> 3-Methyl-2-oxobutanoate[1] + L-Glutamate[1]	Msm_1202	-1000	1000	0	NA	NA
iMsi385	r415	Valyl_tRNA_synthetase	ATP[1] + tRNA(Val)[1] + L-Valine[1] => AMP[1] + Diphosphate[1] + L-Valyl-tRNA(Val)[1]	Msm_1341;Msm_0275	0	1000	0	NA	NA
iMsi385	r416	2_oxoisovalerate_ferredoxin_reductase	3-Methyl-2-oxobutanoate[1] + CoA[1] + 2 ferredoxin (oxidized) 2[4Fe-4S][1] <=> CO2[1] + 2 ferredoxin (reduced) 2[4Fe-4S][1] + Isobutyryl-CoA[1]	Msm_0333:Msm_0332:Msm_0331	-1000	1000	0	NA	NA
iMsi385	r417	yUMP_synthetase	H2O[1] + Pseudouridine 5'-phosphate[1] <=> alpha-D-Ribose 5-phosphate[1] + Uracil[1]	Msm_0732;Msm_0855	-1000	1000	0	NA	NA
iMsi385	r418	alpha-D-glucose 1,6-phosphomutase	D-Glucose 1-phosphate[1] <=> D-Glucose 6-phosphate[1]	Msm_0648	-1000	1000	0	NA	Glycolysis / Gluconeogenesis
iMsi385	r421	2-Phospho-D-glycerate 2,3-phosphomutase	3-Phospho-D-glycerate[1] <=> D-Glycerate 2-phosphate[1]	Msm_0153	-1000	1000	0	NA	Glycolysis / Gluconeogenesis
iMsi385	r422	Acetate:CoA ligase (AMP-forming)	Acetate[1] + ATP[1] + CoA[1] <=> Acetyl-CoA[1] + AMP[1] + Diphosphate[1]	Msm_0330	-1000	1000	0	NA	Glycolysis / Gluconeogenesis
iMsi385	r423	succinate dehydrogenase	Succinate[1] + Flavin adenine dinucleotide oxidized[1] <=> Fumarate[1] + Flavin adenine dinucleotide reduced[1]	Msm_0393	-1000	1000	0	NA	Citrate cycle (TCA cycle)
iMsi385	r424	succinyl-CoA synthetase	ATP[1] + CoA[1] + Succinate[1] => ADP[1] + Phosphate[1] + Succinyl-CoA[1]	Msm_0228	0	1000	0	NA	Citrate cycle (TCA cycle)
iMsi385	r425	acetyl-CoA:oxaloacetate C-acetyltransferase	Citrate[1] + CoA[1] <=> Acetyl-CoA[1] + H2O[1] + Oxaloacetate[1]	Msm_0446	-1000	1000	0	NA	Citrate cycle (TCA cycle)
iMsi385	actIn	uptake acetate	<=> Acetate[1]	NA	-1000	1000	0	NA	Exchange reaction
iMsi385	NH4IN	uptake of ammonia	=> Ammonium[1]	NA	0	1000	0	NA	Exchange reaction
iMsi385	piIN	uptake of phosphate	=> Phosphate[1]	NA	0	1000	0	NA	Exchange reaction
iMsi385	H2Suptake	Uptake of H2S	=> Hydrogen sulfide[1]	NA	0	1000	0	NA	Exchange reaction
iMsi385	H2In	Uptake of Hydrogen	<=> H2[1]	NA	-1000	1000	0	NA	Exchange reaction
iMsi385	CO2In	Uptake of CO2	<=> CO2[1]	NA	-1000	1000	0	NA	Exchange reaction
iMsi385	r432	transport acetate	Acetate[1] <=> Acetate[1]	NA	-1000	1000	0	NA	Transport Reaction
iMsi385	r434	transport Phosphate	Phosphate[1] <=> Phosphate[1]	NA	-1000	1000	0	NA	Transport Reaction
iMsi385	r435	transport H2S	Hydrogen sulfide[1] => Hydrogen sulfide[1]	NA	0	1000	0	NA	Transport Reaction
iMsi385	r436	transport H2	H2[1] <=> H2[1]	NA	-1000	1000	0	NA	Transport Reaction
iMsi385	r437	transport CO2	CO2[1] <=> CO2[1]	NA	-1000	1000	0	NA	Transport Reaction
iMsi385	r459	transport H2O	H2O[1] <=> H2O[1]	NA	-1000	1000	0	NA	Transport Reaction
iMsi385	H2ObTran	H2O boundaries Trans	<=> H2O[1]	NA	-1000	1000	0	NA	Exchange reaction
iMsi385	r438	D-arabino-hex-3-ulose-6-phosphate isomerase	D-arabino-Hex-3-ulose 6-phosphate[1] <=> D-Fructose 6-phosphate[1]	Msm_1391	-1000	1000	0	NA	Pentose phosphate pathway
iMsi385	r439	D-arabino-hex-3-ulose-6-phosphate formaldehyde-lyase	D-Ribulose 5-phosphate[1] + Formaldehyde[1] <=> D-arabino-Hex-3-ulose 6-phosphate[1]	Msm_0426	-1000	1000	0	NA	Pentose phosphate pathway
iMsi385	r440	D-Ribose 1,5-phosphomutase	alpha-D-Ribose 1-phosphate[1] <=> D-Ribose 5-phosphate[1]	Msm_0648	-1000	1000	0	NA	Pentose phosphate pathway
iMsi385	r441	Formate:NAD+ oxidoreductase	NAD+[1] + Formate[1] <=> CO2[1] + NADH[1]	Msm_1404:Msm_1405:Msm_1406:Msm_1462:Msm_1463	0	0	0	NA	Methane metabolism
iMsi385	r442	ATP:L-homoserine O-phosphotransferase	ATP[1] + L-Homoserine[1] <=> ADP[1] + O-Phospho-L-homoserine[1]	NA	-1000	1000	0	NA	Glycine, serine and threonine metabolism
iMsi385	r443	Cysteine and methionine metabolism	L-Homocysteine[1] + 5-Methyltetrahydrofolate[1] <=> L-Methionine[1] + 5,6,7,8-Tetrahydrofolate[1]	Msm_0102	-1000	1000	0	NA	Cysteine and methionine metabolism
iMsi385	r445	N-(5-Phospho-beta-D-ribosyl)anthranilate ketol-isomerase	N-(5-Phospho-D-ribosyl)anthranilate[1] <=> 1-(2-Carboxyphenylamino)-1-deoxy-D-ribulose 5-phosphate[1]	NA	-1000	1000	0	NA	Phenylalanine, tyrosine and tryptophan biosynthesis
iMsi385	r446	ATP:AMP phosphotransferase	AMP[1] + ATP[1] <=> 2 ADP[1]	Msm_0737	-1000	1000	0	NA	Purine metabolism
iMsi385	r447	GTP diphosphohydrolase (diphosphate-forming)	GTP[1] + H2O[1] <=> GMP[1] + Diphosphate[1]	Msm_1195	-1000	1000	0	NA	Purine metabolism
iMsi385	r448	ATP:dTMP phosphotransferase	ATP[1] + dTMP[1] <=> ADP[1] + dTDP[1]	Msm_0077:Msm_0520	-1000	1000	0	NA	Pyrimidine metabolism
iMsi385	r449	Biomass_msi	0.5621 L-Alanine[1] + 0.3237 L-Arginine[1] + 0.2638 L-Asparagine[1] + 0.2638 L-Aspartate[1] + 50.2 ATP[1] + 0.1379 CTP[1] + 0.1002 L-Cysteine[1] + 0.0331 dATP[1] + 0.0215 dCTP[1] + 0.0215 dGTP[1] + 0.0331 dTTP[1] + 0.288 L-Glutamine[1] + 0.288 L-Glutamate[1] + 0.6704 Glycine[1] + 0.2222 GTP[1] + 50.2 H2O[1] + 0.25 L-Histidine[1] + 0.3179 L-Isoleucine[1] + 0.493 L-Leucine[1] + 0.3755 L-Lysine[1] + 0.1682 L-Methionine[1] + 0.2027 L-Phenylalanine[1] + 0.2419 L-Proline[1] + 0.2361 L-Serine[1] + 0.2776 L-Threonine[1] + 0.0622 L-Tryptophan[1] + 0.1509 L-Tyrosine[1] + 0.1489 UTP[1] + 0.4631 L-Valine[1] + 0.0154 Glycogen[1] => 50.2 ADP[1] + 50.2 Phosphate[1] + Biomass_msi[1]	NA	0	1000	0	NA	Biomass
iMsi385	r450	transport Biomass	Biomass_msi[1] => Biomass_msi[1]	NA	0	1000	0	NA	Transport Reaction
iMsi385	bmOut_msi	Biomass secretion	Biomass_msi[1] =>	NA	0	1000	0	NA	Exchange reaction
iMsi385	r452	formaldehyde-activating enzyme	tetrahydrosarcinapterin[1] + Formaldehyde[1] <=> H2O[1] + N5,N10-methylene-5,6,7,8-tetrahydromethanopterin[1]	Msm_1213	-1000	1000	0	NA	Methane metabolism
iMsi385	MethOut	Methane Secretion	Methane[1] =>	NA	0	1000	0	NA	Exchange reaction
iMsi385	r454	transport CH4	Methane[1] => Methane[1]	NA	0	1000	0	NA	Transport Reaction
iMsi385	MethIn	Uptake Methanol	=> Methanol[1]	NA	0	0	0	NA	Exchange reaction
iMsi385	r456	transport Methanol	Methanol[1] => Methanol[1]	NA	0	1000	0	NA	Transport Reaction
iMsi385	ethanolIn	Uptake Ethanol	=> Ethanol[1]	NA	0	0	0	NA	Exchange reaction
iMsi385	r458	transport Ethanol	Ethanol[1] => Ethanol[1]	NA	0	1000	0	NA	Transport Reaction
iMsi385	H4MPTGLATP	tetrahydromethanopterin glutamate lyase (ATP)	ATP[1] + L-Glutamate[1] + 5,6,7,8-tetrahydromethanopterin[1] => ADP[1] + tetrahydrosarcinapterin[1] + Phosphate[1]	NA	0	1000	0	NA	NA
iMsi385	H4MPTGLGTP	tetrahydromethanopterin glutamate lyase (GTP)	L-Glutamate[1] + GTP[1] + 5,6,7,8-tetrahydromethanopterin[1] => GDP[1] + tetrahydrosarcinapterin[1] + Phosphate[1]	NA	0	1000	0	NA	NA
iMsi385	H2MPTR	dihydromethanoterin reductase	coenzyme ferredoxin 420-2 (reduced)[1] + 7,8-dihydromethanopterin[1] => coenzyme ferredoxin 420-2 (oxidized)[1] + 5,6,7,8-tetrahydromethanopterin[1]	NA	0	1000	0	NA	NA
iMsi385	H4MPTS16a	tetrahydromethanopterin synthesis reaction 16	S-Adenosyl-L-methionine[1] + monomethylated 7,8-dihydromethanoterin[1] => S-Adenosyl-L-homocysteine[1] + 7,8-dihydromethanopterin[1]	NA	0	1000	0	NA	NA
iMsi385	H4MPTS16	tetrahydromethanopterin synthesis reaction 16	S-Adenosyl-L-methionine[1] + didemethylated 7,8-dihydromethanopterin[1] => S-Adenosyl-L-homocysteine[1] + monomethylated 7,8-dihydromethanoterin[1]	NA	0	1000	0	NA	NA
iMsi385	H4MPTS14	tetrahydromethanopterin synthesis reaction 14	(S)-2-Hydroxyglutarate[1] + 7,8-dihydropterin-6-ylmethyl-1-(4-aminophenyl)-1-deoxy-5-[1-A-D-ribofuranosyl 5'-triphosphate]-D-ribitol[1] => Diphosphate[1] + didemethylated 7,8-dihydromethanopterin[1]	NA	0	1000	0	NA	NA
iMsi385	H4MPTS13	tetrahydromethanopterin synthesis reaction 13	ATP[1] + 7,8-dihydropterin-6-ylmethyl-1-(4-aminophenyl)-1-deoxy-5-[1-A-D-ribofuranosyl 5'-diphosphate]-D-ribitol[1] => ADP[1] + 7,8-dihydropterin-6-ylmethyl-1-(4-aminophenyl)-1-deoxy-5-[1-A-D-ribofuranosyl 5'-triphosphate]-D-ribitol[1]	NA	0	1000	0	NA	NA
iMsi385	H4MPTS12	tetrahydromethanopterin synthesis reaction 12	ATP[1] + 7,8-dihydropterin-6-ylmethyl-1-(4-aminophenyl)-1-deoxy-5-[1-A-D-ribofuranosyl 5'-phosphate]-D-ribitol[1] => ADP[1] + 7,8-dihydropterin-6-ylmethyl-1-(4-aminophenyl)-1-deoxy-5-[1-A-D-ribofuranosyl 5'-diphosphate]-D-ribitol[1]	NA	0	1000	0	NA	NA
iMsi385	H4MPTS11	tetrahydromethanopterin synthesis reaction 11	5-Phospho-alpha-D-ribose 1-diphosphate[1] + 7,8-dihydropterin-6-ylmethyl-1-(4-aminophenyl)-1-deoxy-D-ribitol[1] => Diphosphate[1] + 7,8-dihydropterin-6-ylmethyl-1-(4-aminophenyl)-1-deoxy-5-[1-A-D-ribofuranosyl 5'-phosphate]-D-ribitol[1]	NA	0	1000	0	NA	NA
iMsi385	H4MPTS10	tetrahydromethanopterin synthesis reaction 10	H2O[1] + 7,8-dihydropterin-6-ylmethyl-1-(4-aminophenyl)-1-deoxy-D-ribitol 5'-phosphate[1] => Phosphate[1] + 5-Phospho-alpha-D-ribose 1-diphosphate[1] + 7,8-dihydropterin-6-ylmethyl-1-(4-aminophenyl)-1-deoxy-D-ribitol[1]	NA	0	1000	0	NA	NA
iMsi385	H4MPTS9	tetrahydromethanopterin synthesis reaction 9	coenzyme ferredoxin 420-2 (reduced)[1] + 7,8-dihydropterin-6-ylmethyl-4-(B-D-ribofuranosyl) aminobenzene 5'-phosphate[1] => coenzyme ferredoxin 420-2 (oxidized)[1] + 7,8-dihydropterin-6-ylmethyl-1-(4-aminophenyl)-1-deoxy-D-ribitol 5'-phosphate[1]	NA	0	1000	0	NA	NA
iMsi385	DHPS3	7,8 dihydropteroate synthase (methanopterin)	4-(B-D-ribofuranosyl)aminobenzene 5'-phosphate[1] + 6-hydroxymethyl-dihydropterin pyrophosphate[1] => Diphosphate[1] + 7,8-dihydropterin-6-ylmethyl-4-(B-D-ribofuranosyl) aminobenzene 5'-phosphate[1]	NA	0	1000	0	NA	NA
iMsi385	HPPK2	6-hydroxymethyl-dihydropterin pyrophosphokinase	ATP[1] + 6-hydroxymethyl dihydropterin[1] => AMP[1] + 6-hydroxymethyl-dihydropterin pyrophosphate[1]	NA	0	1000	0	NA	NA
iMsi385	DHNPA2	dihydroneopterin aldolase	Dihydroneopterin[1] => Glycolaldehyde[1] + 6-hydroxymethyl-dihydropterin pyrophosphate[1]	NA	0	1000	0	NA	NA
iMsi385	DNMPPA	Dihydroneopterin monophosphate dephosphorylase	H2O[1] + Dihydroneopterin monophosphate[1] => Phosphate[1] + Dihydroneopterin[1]	NA	0	1000	0	NA	NA
iMsi385	AKP1	alkaline phosphatase (Dihydroneopterin)	2-Amino-4-hydroxy-6-(erythro-1,2,3-trihydroxypropyl)dihydropteridine triphosphate[1] + 3 H2O[1] => 3 Phosphate[1] + Dihydroneopterin[1]	NA	0	1000	0	NA	NA
iMsi385	DHPCPH	7,8-dihydronepterin 2' :3'-cyclicphosphate hydrolase	H2O[1] + 7,8-dihydronepterin 2' :3'-cyclicphosphate[1] => Dihydroneopterin monophosphate[1]	NA	0	1000	0	NA	NA
iMsi385	TAPTPPM	triaminopyrimidine triphosphate phosphomutase	triaminopyrimidine triphosphate[1] => H2O[1] + Diphosphate[1] + 7,8-dihydronepterin 2' :3'-cyclicphosphate[1]	NA	0	1000	0	NA	NA
iMsi385	GTPCIII	GTP cyclohydrolase III	GTP[1] + 2 H2O[1] => triaminopyrimidine triphosphate[1] + Formate[1]	NA	0	1000	0	NA	NA
iMsi385	PUNP1	purine-nucleoside phosphorylase (Adenosine)	Adenine[1] + alpha-D-Ribose 1-phosphate[1] <=> Adenosine[1] + Phosphate[1]	NA	-1000	1000	0	NA	NA
iMsi385	R00112	NADPH:NAD+ oxidoreductase	NAD+[1] + NADPH[1] <=> NADH[1] + NADP+[1]	NA	0	0	0	NA	NA
iMsi385	R05707	reduced-riboflavin:NADP+ oxidoreductase	2 NADH[1] + Flavin adenine dinucleotide oxidized[1] <=> 2 NAD+[1] + Flavin adenine dinucleotide reduced[1]	NA	-1000	1000	0	NA	NA
